listing_id,source_url,listing_url,canonical_url,vin,is_new,first_seen_at,extraction_timestamp,detection_timestamp,data_quality_score,year,year_confidence,price,price_confidence,mileage,mileage_confidence,model,trim,model_confidence,trim_confidence,exterior,interior,exterior_confidence,interior_confidence,source,source_confidence,total_options,total_options_value,total_options_msrp,options_categories,options_list,rank,asking_price_usd
106,https://www.autotempest.com/results?localization=country&make=porsche&maxyear=2016&minyear=2009&model=boxsters&transmission=auto&zip=30214,https://www.cars.com/vehicledetail/7c19686a-0db0-45bc-b942-5be2f6c1ad32/?aff=atempest&utm_campaign=atempest&utm_source=autotempest&utm_medium=trp&utm_campaign_id=1&utm_trusted=TRUE,https://www.cars.com/vehicledetail/7c19686a-0db0-45bc-b942-5be2f6c1ad32/,WP0CB2A87DS130360,False,2025-10-20T13:48:29.847322,2025-10-27T15:03:54.579033,2025-10-27T15:03:55.933213,1.0,2013,1.0,"$46,887",1.0,"43,651",1.0,Boxster,S,1.0,1.0,Black,Black,1.0,1.0,AutoTempest,1.0,12,,16828,"performance, exterior, appearance, comfort, seating, technology","Sport Exhaust (PSE), Bi-Xenon Headlights with Dynamic Cornering, 18–19"" Upgraded Wheels, Sport Chrono Package Plus, Limited Slip Differential (LSD), Sport Steering Wheel, Auto-dim Mirrors & Rain Sensor, Sport Seats / Adaptive Sport Seats, BOSE Surround Sound, PCM w/ Navigation, Heated Seats, PASM",1,"$46,887"
8,https://www.autotempest.com/results?localization=country&make=porsche&maxyear=2016&minyear=2009&model=caymans&transmission=auto&zip=30214,https://www.cars.com/vehicledetail/97c819f7-6529-44ef-883d-8f3bb146c356/?aff=atempest&utm_campaign=atempest&utm_source=autotempest&utm_medium=trp&utm_campaign_id=1&utm_trusted=TRUE,https://www.cars.com/vehicledetail/97c819f7-6529-44ef-883d-8f3bb146c356/,WP0AB2A83EK192718,False,2025-10-20T13:48:29.847322,2025-10-27T15:03:54.384764,2025-10-27T15:03:54.754056,1.0,2014,1.0,"$44,988",1.0,"85,572",1.0,Cayman,S,1.0,1.0,Agate Gray Metallic,Amber Orange,1.0,1.0,AutoTempest,1.0,11,,15938,"performance, exterior, appearance, comfort, seating, technology","Sport Exhaust (PSE), Bi-Xenon Headlights with Dynamic Cornering, 18–19"" Upgraded Wheels, Sport Chrono Package Plus, Sport Steering Wheel, Auto-dim Mirrors & Rain Sensor, Sport Seats / Adaptive Sport Seats, BOSE Surround Sound, PCM w/ Navigation, Heated Seats, PASM",2,"$44,988"
16,https://www.autotempest.com/results?localization=country&make=porsche&maxyear=2016&minyear=2009&model=caymans&transmission=auto&zip=30214,https://www.cars.com/vehicledetail/98705a37-105b-408e-9133-fc213695a206/?aff=atempest&utm_campaign=atempest&utm_source=autotempest&utm_medium=trp&utm_campaign_id=1&utm_trusted=TRUE,https://www.cars.com/vehicledetail/98705a37-105b-408e-9133-fc213695a206/,WP0AB2A86EK192065,False,2025-10-25T09:49:55.023246,2025-10-27T15:03:54.401411,2025-10-27T15:03:54.850804,1.0,2014,1.0,"$52,985",1.0,"38,025",1.0,Cayman,S,1.0,1.0,Cognac Metallic,Luxor Beige,1.0,1.0,AutoTempest,1.0,11,,15938,"performance, exterior, appearance, comfort, seating, technology","Sport Exhaust (PSE), Bi-Xenon Headlights with Dynamic Cornering, 18–19"" Upgraded Wheels, Sport Chrono Package Plus, Sport Steering Wheel, Auto-dim Mirrors & Rain Sensor, Sport Seats / Adaptive Sport Seats, BOSE Surround Sound, PCM w/ Navigation, Heated Seats, PASM",3,"$52,985"
26,https://www.autotempest.com/results?localization=country&make=porsche&maxyear=2016&minyear=2009&model=caymans&transmission=auto&zip=30214,https://www.cars.com/vehicledetail/0f1d7107-e70e-4fb5-9542-50ecd15abff4/?aff=atempest&utm_campaign=atempest&utm_source=autotempest&utm_medium=trp&utm_campaign_id=1&utm_trusted=TRUE,https://www.cars.com/vehicledetail/0f1d7107-e70e-4fb5-9542-50ecd15abff4/,WP0AB2A86EK191238,False,2025-10-20T13:48:29.847322,2025-10-27T15:03:54.423963,2025-10-27T15:03:54.997788,1.0,2014,1.0,"$52,900",1.0,"28,228",1.0,Cayman,S,1.0,1.0,White,Black,1.0,1.0,AutoTempest,1.0,10,,15444,"performance, exterior, appearance, seating, technology","Sport Exhaust (PSE), Bi-Xenon Headlights with Dynamic Cornering, 18–19"" Upgraded Wheels, Sport Chrono Package Plus, Sport Steering Wheel, Sport Seats / Adaptive Sport Seats, BOSE Surround Sound, PCM w/ Navigation, Heated Seats, PASM",4,"$52,900"
100,https://www.autotempest.com/results?localization=country&make=porsche&maxyear=2016&minyear=2009&model=boxsters&transmission=auto&zip=30214,https://www.cars.com/vehicledetail/73c7bc77-ef08-4b34-96a3-9184c06654dd/?aff=atempest&utm_campaign=atempest&utm_source=autotempest&utm_medium=trp&utm_campaign_id=1&utm_trusted=TRUE,https://www.cars.com/vehicledetail/73c7bc77-ef08-4b34-96a3-9184c06654dd/,WP0CB2A85DS130356,False,2025-10-20T13:48:29.847322,2025-10-27T15:03:54.566057,2025-10-27T15:03:55.832700,1.0,2013,1.0,"$46,995",1.0,"53,126",1.0,Boxster,S,1.0,1.0,Black,Agate Gray,1.0,1.0,AutoTempest,1.0,10,,14978,"performance, exterior, appearance, comfort, seating, technology","Sport Exhaust (PSE), Bi-Xenon Headlights with Dynamic Cornering, 18–19"" Upgraded Wheels, Sport Steering Wheel, Auto-dim Mirrors & Rain Sensor, Sport Seats / Adaptive Sport Seats, BOSE Surround Sound, PCM w/ Navigation, Heated Seats, PASM",5,"$46,995"
101,https://www.autotempest.com/results?localization=country&make=porsche&maxyear=2016&minyear=2009&model=boxsters&transmission=auto&zip=30214,https://www.cars.com/vehicledetail/80663efe-e4fb-40aa-9b7a-124ac0041ccc/?aff=atempest&utm_campaign=atempest&utm_source=autotempest&utm_medium=trp&utm_campaign_id=1&utm_trusted=TRUE,https://www.cars.com/vehicledetail/80663efe-e4fb-40aa-9b7a-124ac0041ccc/,WP0CB2A89ES141068,False,2025-10-20T13:48:29.847322,2025-10-27T15:03:54.568033,2025-10-27T15:03:55.848857,1.0,2014,1.0,"$28,990",1.0,"107,229",1.0,Boxster,S,1.0,1.0,Black,Black,1.0,1.0,AutoTempest,1.0,10,,14978,"performance, exterior, appearance, comfort, seating, technology","Sport Exhaust (PSE), Bi-Xenon Headlights with Dynamic Cornering, 18–19"" Upgraded Wheels, Sport Steering Wheel, Auto-dim Mirrors & Rain Sensor, Sport Seats / Adaptive Sport Seats, BOSE Surround Sound, PCM w/ Navigation, Heated Seats, PASM",6,"$28,990"
99,https://www.autotempest.com/results?localization=country&make=porsche&maxyear=2016&minyear=2009&model=boxsters&transmission=auto&zip=30214,https://www.cars.com/vehicledetail/ceb5aaee-4dda-432b-8cf2-b63358b09ea5/?aff=atempest&utm_campaign=atempest&utm_source=autotempest&utm_medium=trp&utm_campaign_id=1&utm_trusted=TRUE,https://www.cars.com/vehicledetail/ceb5aaee-4dda-432b-8cf2-b63358b09ea5/,WP0CB2A81DS132587,False,2025-10-20T13:48:29.847322,2025-10-27T15:03:54.564075,2025-10-27T15:03:55.817524,1.0,2013,1.0,"$52,998",1.0,"41,721",1.0,Boxster,S,1.0,1.0,Black,Black,1.0,1.0,AutoTempest,1.0,11,,14838,"performance, exterior, appearance, comfort, seating, technology","Sport Exhaust (PSE), Bi-Xenon Headlights with Dynamic Cornering, 18–19"" Upgraded Wheels, Sport Chrono Package Plus, Limited Slip Differential (LSD), Sport Steering Wheel, Auto-dim Mirrors & Rain Sensor, Sport Seats / Adaptive Sport Seats, BOSE Surround Sound, PCM w/ Navigation, Heated Seats",7,"$52,998"
114,https://www.autotempest.com/results?localization=country&make=porsche&maxyear=2016&minyear=2009&model=boxsters&transmission=auto&zip=30214,https://www.cars.com/vehicledetail/a9893aa9-f7ab-47e1-acd0-b25864214fc9/?aff=atempest&utm_campaign=atempest&utm_source=autotempest&utm_medium=trp&utm_campaign_id=1&utm_trusted=TRUE,https://www.cars.com/vehicledetail/a9893aa9-f7ab-47e1-acd0-b25864214fc9/,WP0CB2A8XDS130532,False,2025-10-26T11:50:39.352645,2025-10-27T15:03:54.596161,2025-10-27T15:03:56.080286,1.0,2013,1.0,"$53,477",1.0,"28,555",1.0,Boxster,S,1.0,1.0,Red,Tan,1.0,1.0,AutoTempest,1.0,9,,14484,"performance, exterior, appearance, seating, technology","Sport Exhaust (PSE), Bi-Xenon Headlights with Dynamic Cornering, 18–19"" Upgraded Wheels, Sport Steering Wheel, Sport Seats / Adaptive Sport Seats, BOSE Surround Sound, PCM w/ Navigation, Heated Seats, PASM",8,"$53,477"
19,https://www.autotempest.com/results?localization=country&make=porsche&maxyear=2016&minyear=2009&model=caymans&transmission=auto&zip=30214,https://www.cars.com/vehicledetail/6109d049-5cab-4784-9ada-a4ab03b43e15/?aff=atempest&utm_campaign=atempest&utm_source=autotempest&utm_medium=trp&utm_campaign_id=1&utm_trusted=TRUE,https://www.cars.com/vehicledetail/6109d049-5cab-4784-9ada-a4ab03b43e15/,WP0AB2A87EK193421,False,2025-10-20T13:48:29.847322,2025-10-27T15:03:54.408487,2025-10-27T15:03:54.886822,1.0,2014,1.0,"$59,880",1.0,"27,345",1.0,Cayman,S,1.0,1.0,Black,Black,1.0,1.0,AutoTempest,1.0,11,,14478,"performance, exterior, convenience, appearance, comfort, seating, technology","Sport Exhaust (PSE), Bi-Xenon Headlights with Dynamic Cornering, 18–19"" Upgraded Wheels, Sport Chrono Package Plus, Park Assist, Sport Steering Wheel, Auto-dim Mirrors & Rain Sensor, Sport Seats / Adaptive Sport Seats, BOSE Surround Sound, PCM w/ Navigation, Heated Seats",9,"$59,880"
88,https://www.autotempest.com/results?localization=country&make=porsche&maxyear=2016&minyear=2009&model=boxsters&transmission=auto&zip=30214,https://www.cars.com/vehicledetail/e8ea8640-1adb-4640-a4b8-515e37abe256/?aff=atempest&utm_campaign=atempest&utm_source=autotempest&utm_medium=trp&utm_campaign_id=1&utm_trusted=TRUE,https://www.cars.com/vehicledetail/e8ea8640-1adb-4640-a4b8-515e37abe256/,WP0CB2A88DS133557,False,2025-10-20T13:48:29.847322,2025-10-27T15:03:54.543608,2025-10-27T15:03:55.641560,1.0,2013,1.0,"$37,900",1.0,"71,518",1.0,Boxster,S,1.0,1.0,Aqua Blue Metallic,Espresso,1.0,1.0,AutoTempest,1.0,11,,14478,"performance, exterior, convenience, appearance, comfort, seating, technology","Sport Exhaust (PSE), Bi-Xenon Headlights with Dynamic Cornering, 18–19"" Upgraded Wheels, Sport Chrono Package Plus, Park Assist, Sport Steering Wheel, Auto-dim Mirrors & Rain Sensor, Sport Seats / Adaptive Sport Seats, BOSE Surround Sound, PCM w/ Navigation, Heated Seats",10,"$37,900"
103,https://www.autotempest.com/results?localization=country&make=porsche&maxyear=2016&minyear=2009&model=boxsters&transmission=auto&zip=30214,https://www.cars.com/vehicledetail/feadaf85-9d35-4760-a390-1c7359758673/?aff=atempest&utm_campaign=atempest&utm_source=autotempest&utm_medium=trp&utm_campaign_id=1&utm_trusted=TRUE,https://www.cars.com/vehicledetail/feadaf85-9d35-4760-a390-1c7359758673/,WP0CB2A86FS141174,False,2025-10-20T13:48:29.847322,2025-10-27T15:03:54.572359,2025-10-27T15:03:55.885420,1.0,2015,1.0,"$50,500",1.0,"26,258",1.0,Boxster,S,1.0,1.0,Carrara White Metallic,Agate Gray,1.0,1.0,AutoTempest,1.0,11,,14478,"performance, exterior, convenience, appearance, comfort, seating, technology","Sport Exhaust (PSE), Bi-Xenon Headlights with Dynamic Cornering, 18–19"" Upgraded Wheels, Sport Chrono Package Plus, Park Assist, Sport Steering Wheel, Auto-dim Mirrors & Rain Sensor, Sport Seats / Adaptive Sport Seats, BOSE Surround Sound, PCM w/ Navigation, Heated Seats",11,"$50,500"
112,https://www.autotempest.com/results?localization=country&make=porsche&maxyear=2016&minyear=2009&model=boxsters&transmission=auto&zip=30214,https://www.cars.com/vehicledetail/484e2590-943b-4031-885c-0dbef49a2b4a/?aff=atempest&utm_campaign=atempest&utm_source=autotempest&utm_medium=trp&utm_campaign_id=1&utm_trusted=TRUE,https://www.cars.com/vehicledetail/484e2590-943b-4031-885c-0dbef49a2b4a/,WP0CB2A8XES141001,False,2025-10-20T13:48:29.847322,2025-10-27T15:03:54.591949,2025-10-27T15:03:56.048287,1.0,2014,1.0,"$38,492",1.0,"73,985",1.0,Boxster,S,1.0,1.0,White,Black,1.0,1.0,AutoTempest,1.0,11,,14478,"performance, exterior, convenience, appearance, comfort, seating, technology","Sport Exhaust (PSE), Bi-Xenon Headlights with Dynamic Cornering, 18–19"" Upgraded Wheels, Sport Chrono Package Plus, Park Assist, Sport Steering Wheel, Auto-dim Mirrors & Rain Sensor, Sport Seats / Adaptive Sport Seats, BOSE Surround Sound, PCM w/ Navigation, Heated Seats",12,"$38,492"
13,https://www.autotempest.com/results?localization=country&make=porsche&maxyear=2016&minyear=2009&model=caymans&transmission=auto&zip=30214,https://www.cars.com/vehicledetail/e53eceb4-5c78-4ec3-8dfd-2c2525dcf25c/?aff=atempest&utm_campaign=atempest&utm_source=autotempest&utm_medium=trp&utm_campaign_id=1&utm_trusted=TRUE,https://www.cars.com/vehicledetail/e53eceb4-5c78-4ec3-8dfd-2c2525dcf25c/,WP0AB2A88BU780484,False,2025-10-20T11:15:51.749252,2025-10-27T15:03:54.394478,2025-10-27T15:03:54.804159,1.0,2011,1.0,"$40,900",1.0,"42,953",1.0,Cayman,S,1.0,1.0,Guards Red,Black,1.0,1.0,AutoTempest,1.0,10,,14338,"performance, exterior, appearance, comfort, seating, technology","Sport Exhaust (PSE), Bi-Xenon Headlights with Dynamic Cornering, 18–19"" Upgraded Wheels, Sport Chrono Package Plus, Limited Slip Differential (LSD), Sport Steering Wheel, Auto-dim Mirrors & Rain Sensor, Sport Seats / Adaptive Sport Seats, BOSE Surround Sound, PCM w/ Navigation",13,"$40,900"
73,https://www.autotempest.com/results?localization=country&make=porsche&maxyear=2016&minyear=2009&model=boxster&transmission=auto&zip=30214,https://www.cars.com/vehicledetail/a2678286-8dfa-41ca-8f0d-176d779b072f/?aff=atempest&utm_campaign=atempest&utm_source=autotempest&utm_medium=trp&utm_campaign_id=1&utm_trusted=TRUE,https://www.cars.com/vehicledetail/a2678286-8dfa-41ca-8f0d-176d779b072f/,WP0CA2A83ES120638,False,2025-10-22T09:21:13.237679,2025-10-27T15:03:54.526737,2025-10-27T15:03:55.606882,1.0,2014,1.0,"$32,888",1.0,"84,051",1.0,Boxster,Base,1.0,1.0,White,BLACK,1.0,1.0,AutoTempest,1.0,12,,14093,"performance, exterior, convenience, appearance, comfort, seating, technology","Sport Exhaust (PSE), Bi-Xenon Headlights with Dynamic Cornering, 18–19"" Upgraded Wheels, Sport Chrono Package Plus, Limited Slip Differential (LSD), Park Assist, Sport Steering Wheel, Auto-dim Mirrors & Rain Sensor, Sport Seats / Adaptive Sport Seats, BOSE Surround Sound, Heated Seats, PASM",14,"$32,888"
17,https://www.autotempest.com/results?localization=country&make=porsche&maxyear=2016&minyear=2009&model=caymans&transmission=auto&zip=30214,https://www.cars.com/vehicledetail/88614ddb-c173-4bcc-a831-0331de6f4031/?aff=atempest&utm_campaign=atempest&utm_source=autotempest&utm_medium=trp&utm_campaign_id=1&utm_trusted=TRUE,https://www.cars.com/vehicledetail/88614ddb-c173-4bcc-a831-0331de6f4031/,WP0AB2A88EK191306,False,2025-10-20T13:48:29.847322,2025-10-27T15:03:54.403813,2025-10-27T15:03:54.864689,1.0,2014,1.0,"$64,999",1.0,"25,826",1.0,Cayman,S,1.0,1.0,Black,Black,1.0,1.0,AutoTempest,1.0,10,,13948,"performance, exterior, appearance, comfort, seating, technology","Sport Exhaust (PSE), Bi-Xenon Headlights with Dynamic Cornering, 18–19"" Upgraded Wheels, Sport Chrono Package Plus, Sport Steering Wheel, Auto-dim Mirrors & Rain Sensor, Sport Seats / Adaptive Sport Seats, BOSE Surround Sound, PCM w/ Navigation, Heated Seats",15,"$64,999"
70,https://www.autotempest.com/results?localization=country&make=porsche&maxyear=2016&minyear=2009&model=boxster&transmission=auto&zip=30214,https://www.cars.com/vehicledetail/d83df0b7-9dfe-4916-bcad-b036e53faa2f/?aff=atempest&utm_campaign=atempest&utm_source=autotempest&utm_medium=trp&utm_campaign_id=1&utm_trusted=TRUE,https://www.cars.com/vehicledetail/d83df0b7-9dfe-4916-bcad-b036e53faa2f/,WP0CA2A83DS113008,False,2025-10-22T09:21:13.237679,2025-10-27T15:03:54.520888,2025-10-27T15:03:55.556523,1.0,2013,1.0,"$36,555",1.0,"49,257",1.0,Boxster,Base,1.0,1.0,Black,Black,1.0,1.0,AutoTempest,1.0,10,,13948,"performance, exterior, appearance, comfort, seating, technology","Sport Exhaust (PSE), Bi-Xenon Headlights with Dynamic Cornering, 18–19"" Upgraded Wheels, Sport Chrono Package Plus, Sport Steering Wheel, Auto-dim Mirrors & Rain Sensor, Sport Seats / Adaptive Sport Seats, BOSE Surround Sound, PCM w/ Navigation, Heated Seats",16,"$36,555"
104,https://www.autotempest.com/results?localization=country&make=porsche&maxyear=2016&minyear=2009&model=boxsters&transmission=auto&zip=30214,https://www.cars.com/vehicledetail/e9f12043-a717-4973-968a-6b18da9f2fae/?aff=atempest&utm_campaign=atempest&utm_source=autotempest&utm_medium=trp&utm_campaign_id=1&utm_trusted=TRUE,https://www.cars.com/vehicledetail/e9f12043-a717-4973-968a-6b18da9f2fae/,WP0CB2A80EK140262,False,2025-10-20T13:48:29.847322,2025-10-27T15:03:54.574597,2025-10-27T15:03:55.899956,1.0,2014,1.0,"$54,132",1.0,"9,954",1.0,Boxster,S,1.0,1.0,Rhodium Silver Metallic,Black,1.0,1.0,AutoTempest,1.0,10,,13948,"performance, exterior, appearance, comfort, seating, technology","Sport Exhaust (PSE), Bi-Xenon Headlights with Dynamic Cornering, 18–19"" Upgraded Wheels, Sport Chrono Package Plus, Sport Steering Wheel, Auto-dim Mirrors & Rain Sensor, Sport Seats / Adaptive Sport Seats, BOSE Surround Sound, PCM w/ Navigation, Heated Seats",17,"$54,132"
108,https://www.autotempest.com/results?localization=country&make=porsche&maxyear=2016&minyear=2009&model=boxsters&transmission=auto&zip=30214,https://www.cars.com/vehicledetail/0fc0fddd-dd4e-445b-bfd8-609f003cd7c1/?aff=atempest&utm_campaign=atempest&utm_source=autotempest&utm_medium=trp&utm_campaign_id=1&utm_trusted=TRUE,https://www.cars.com/vehicledetail/0fc0fddd-dd4e-445b-bfd8-609f003cd7c1/,WP0CB2A83GS140324,False,2025-10-20T13:48:29.847322,2025-10-27T15:03:54.583296,2025-10-27T15:03:55.966152,1.0,2016,1.0,"$58,891",1.0,"35,780",1.0,Boxster,S,1.0,1.0,Carmine Red,Black,1.0,1.0,AutoTempest,1.0,10,,13518,"performance, exterior, convenience, appearance, comfort, seating, technology","Sport Exhaust (PSE), Bi-Xenon Headlights with Dynamic Cornering, 18–19"" Upgraded Wheels, Park Assist, Sport Steering Wheel, Auto-dim Mirrors & Rain Sensor, Sport Seats / Adaptive Sport Seats, BOSE Surround Sound, PCM w/ Navigation, Heated Seats",18,"$58,891"
21,https://www.autotempest.com/results?localization=country&make=porsche&maxyear=2016&minyear=2009&model=caymans&transmission=auto&zip=30214,https://www.cars.com/vehicledetail/ec2308a2-45db-492d-a4ce-5e3a35984381/?aff=atempest&utm_campaign=atempest&utm_source=autotempest&utm_medium=trp&utm_campaign_id=1&utm_trusted=TRUE,https://www.cars.com/vehicledetail/ec2308a2-45db-492d-a4ce-5e3a35984381/,WP0AB29829U780883,False,2025-10-20T11:15:51.768216,2025-10-27T15:03:54.412631,2025-10-27T15:03:54.917425,1.0,2009,1.0,"$39,995",1.0,"64,634",1.0,Cayman,S,1.0,1.0,Black,Black,1.0,1.0,AutoTempest,1.0,9,,13454,"performance, exterior, appearance, seating, technology","Sport Exhaust (PSE), Bi-Xenon Headlights with Dynamic Cornering, 18–19"" Upgraded Wheels, Sport Chrono Package Plus, Sport Steering Wheel, Sport Seats / Adaptive Sport Seats, BOSE Surround Sound, PCM w/ Navigation, Heated Seats",19,"$39,995"
110,https://www.autotempest.com/results?localization=country&make=porsche&maxyear=2016&minyear=2009&model=boxsters&transmission=auto&zip=30214,https://www.cars.com/vehicledetail/426044e1-73cc-4236-8bf2-8c013af8b6ac/?aff=atempest&utm_campaign=atempest&utm_source=autotempest&utm_medium=trp&utm_campaign_id=1&utm_trusted=TRUE,https://www.cars.com/vehicledetail/426044e1-73cc-4236-8bf2-8c013af8b6ac/,WP0CB2A88DS132943,False,2025-10-20T13:48:29.847322,2025-10-27T15:03:54.587711,2025-10-27T15:03:56.007522,1.0,2013,1.0,"$39,451",1.0,"68,468",1.0,Boxster,S,1.0,1.0,Dark Blue Metallic,Luxor Beige,1.0,1.0,AutoTempest,1.0,9,,13024,"performance, exterior, convenience, appearance, seating, technology","Sport Exhaust (PSE), Bi-Xenon Headlights with Dynamic Cornering, 18–19"" Upgraded Wheels, Park Assist, Sport Steering Wheel, Sport Seats / Adaptive Sport Seats, BOSE Surround Sound, PCM w/ Navigation, Heated Seats",20,"$39,451"
25,https://www.autotempest.com/results?localization=country&make=porsche&maxyear=2016&minyear=2009&model=caymans&transmission=auto&zip=30214,https://www.cars.com/vehicledetail/852a8561-28f4-4c59-a100-f7795c905e94/?aff=atempest&utm_campaign=atempest&utm_source=autotempest&utm_medium=trp&utm_campaign_id=1&utm_trusted=TRUE,https://www.cars.com/vehicledetail/852a8561-28f4-4c59-a100-f7795c905e94/,WP0AB2A85EK193756,False,2025-10-20T13:48:29.847322,2025-10-27T15:03:54.421383,2025-10-27T15:03:54.978399,1.0,2014,1.0,"$62,900",1.0,"9,019",1.0,Cayman,S,1.0,1.0,Racing Yellow,Black,1.0,1.0,AutoTempest,1.0,9,,13018,"performance, exterior, convenience, appearance, comfort, seating, technology","Sport Exhaust (PSE), Bi-Xenon Headlights with Dynamic Cornering, 18–19"" Upgraded Wheels, Park Assist, Sport Steering Wheel, Auto-dim Mirrors & Rain Sensor, Sport Seats / Adaptive Sport Seats, BOSE Surround Sound, PCM w/ Navigation",21,"$62,900"
24,https://www.autotempest.com/results?localization=country&make=porsche&maxyear=2016&minyear=2009&model=caymans&transmission=auto&zip=30214,https://www.cars.com/vehicledetail/65e517a7-6000-472c-a093-2155bdaec407/?aff=atempest&utm_campaign=atempest&utm_source=autotempest&utm_medium=trp&utm_campaign_id=1&utm_trusted=TRUE,https://www.cars.com/vehicledetail/65e517a7-6000-472c-a093-2155bdaec407/,WP0AB2A87GK185368,False,2025-10-20T13:48:29.847322,2025-10-27T15:03:54.419090,2025-10-27T15:03:54.961896,1.0,2016,1.0,"$51,990",1.0,"49,282",1.0,Cayman,S,1.0,1.0,White,Black,1.0,1.0,AutoTempest,1.0,9,,12988,"performance, exterior, appearance, comfort, seating, technology","Sport Exhaust (PSE), Bi-Xenon Headlights with Dynamic Cornering, 18–19"" Upgraded Wheels, Sport Steering Wheel, Auto-dim Mirrors & Rain Sensor, Sport Seats / Adaptive Sport Seats, BOSE Surround Sound, PCM w/ Navigation, Heated Seats",22,"$51,990"
49,https://www.autotempest.com/results?localization=country&make=porsche&maxyear=2016&minyear=2009&model=boxster&transmission=auto&zip=30214,https://www.cars.com/vehicledetail/cb235f9b-a909-4baa-8f86-8e208b336a62/?aff=atempest&utm_campaign=atempest&utm_source=autotempest&utm_medium=trp&utm_campaign_id=1&utm_trusted=TRUE,https://www.cars.com/vehicledetail/cb235f9b-a909-4baa-8f86-8e208b336a62/,WP0CA2A80ES121987,False,2025-10-22T09:21:13.237679,2025-10-27T15:03:54.477373,2025-10-27T15:03:55.192579,1.0,2014,1.0,"$27,950",1.0,"50,000",1.0,Boxster,Base,1.0,1.0,White,Beige,1.0,1.0,AutoTempest,1.0,9,,12988,"performance, exterior, appearance, comfort, seating, technology","Sport Exhaust (PSE), Bi-Xenon Headlights with Dynamic Cornering, 18–19"" Upgraded Wheels, Sport Steering Wheel, Auto-dim Mirrors & Rain Sensor, Sport Seats / Adaptive Sport Seats, BOSE Surround Sound, PCM w/ Navigation, Heated Seats",23,"$27,950"
57,https://www.autotempest.com/results?localization=country&make=porsche&maxyear=2016&minyear=2009&model=boxster&transmission=auto&zip=30214,https://www.cars.com/vehicledetail/eabb5481-120a-4749-9712-fd48023d6e5e/?aff=atempest&utm_campaign=atempest&utm_source=autotempest&utm_medium=trp&utm_campaign_id=1&utm_trusted=TRUE,https://www.cars.com/vehicledetail/eabb5481-120a-4749-9712-fd48023d6e5e/,WP0CA2A87DS113240,False,2025-10-20T13:48:29.847322,2025-10-27T15:03:54.494676,2025-10-27T15:03:55.358223,1.0,2013,1.0,"$27,995",1.0,"90,183",1.0,Boxster,Base,1.0,1.0,White,Luxor Beige,1.0,1.0,AutoTempest,1.0,9,,12988,"performance, exterior, appearance, comfort, seating, technology","Sport Exhaust (PSE), Bi-Xenon Headlights with Dynamic Cornering, 18–19"" Upgraded Wheels, Sport Steering Wheel, Auto-dim Mirrors & Rain Sensor, Sport Seats / Adaptive Sport Seats, BOSE Surround Sound, PCM w/ Navigation, Heated Seats",24,"$27,995"
63,https://www.autotempest.com/results?localization=country&make=porsche&maxyear=2016&minyear=2009&model=boxster&transmission=auto&zip=30214,https://www.cars.com/vehicledetail/a0c963fc-6ff6-4efb-9286-f72eab60aa0f/?aff=atempest&utm_campaign=atempest&utm_source=autotempest&utm_medium=trp&utm_campaign_id=1&utm_trusted=TRUE,https://www.cars.com/vehicledetail/a0c963fc-6ff6-4efb-9286-f72eab60aa0f/,WP0CA2A84DK112174,False,2025-10-20T13:48:29.847322,2025-10-27T15:03:54.507061,2025-10-27T15:03:55.450168,1.0,2013,1.0,"$31,998",1.0,"52,669",1.0,Boxster,Base,1.0,1.0,Guards Red,Black,1.0,1.0,AutoTempest,1.0,9,,12988,"performance, exterior, appearance, comfort, seating, technology","Sport Exhaust (PSE), Bi-Xenon Headlights with Dynamic Cornering, 18–19"" Upgraded Wheels, Sport Steering Wheel, Auto-dim Mirrors & Rain Sensor, Sport Seats / Adaptive Sport Seats, BOSE Surround Sound, PCM w/ Navigation, Heated Seats",25,"$31,998"
97,https://www.autotempest.com/results?localization=country&make=porsche&maxyear=2016&minyear=2009&model=boxsters&transmission=auto&zip=30214,https://www.cars.com/vehicledetail/dbb49cfa-f3e4-4b80-adc4-75287706c510/?aff=atempest&utm_campaign=atempest&utm_source=autotempest&utm_medium=trp&utm_campaign_id=1&utm_trusted=TRUE,https://www.cars.com/vehicledetail/dbb49cfa-f3e4-4b80-adc4-75287706c510/,WP0CB2A8XES140821,False,2025-10-26T11:50:39.352645,2025-10-27T15:03:54.559835,2025-10-27T15:03:55.785606,1.0,2014,1.0,"$45,080",1.0,"56,550",1.0,Boxster,S,1.0,1.0,Basalt Black Metallic,Luxor Beige,1.0,1.0,AutoTempest,1.0,9,,12988,"performance, exterior, appearance, comfort, seating, technology","Sport Exhaust (PSE), Bi-Xenon Headlights with Dynamic Cornering, 18–19"" Upgraded Wheels, Sport Steering Wheel, Auto-dim Mirrors & Rain Sensor, Sport Seats / Adaptive Sport Seats, BOSE Surround Sound, PCM w/ Navigation, Heated Seats",26,"$45,080"
98,https://www.autotempest.com/results?localization=country&make=porsche&maxyear=2016&minyear=2009&model=boxsters&transmission=auto&zip=30214,https://www.cars.com/vehicledetail/26bc6f26-0944-4971-a1df-cdc90d1e69de/?aff=atempest&utm_campaign=atempest&utm_source=autotempest&utm_medium=trp&utm_campaign_id=1&utm_trusted=TRUE,https://www.cars.com/vehicledetail/26bc6f26-0944-4971-a1df-cdc90d1e69de/,WP0CB2A86ES141013,False,2025-10-20T13:48:29.847322,2025-10-27T15:03:54.562053,2025-10-27T15:03:55.802158,1.0,2014,1.0,"$37,998",1.0,"69,348",1.0,Boxster,S,1.0,1.0,Dark Blue Metallic,Black,1.0,1.0,AutoTempest,1.0,9,,12988,"performance, exterior, appearance, comfort, seating, technology","Sport Exhaust (PSE), Bi-Xenon Headlights with Dynamic Cornering, 18–19"" Upgraded Wheels, Sport Steering Wheel, Auto-dim Mirrors & Rain Sensor, Sport Seats / Adaptive Sport Seats, BOSE Surround Sound, PCM w/ Navigation, Heated Seats",27,"$37,998"
102,https://www.autotempest.com/results?localization=country&make=porsche&maxyear=2016&minyear=2009&model=boxsters&transmission=auto&zip=30214,https://www.cars.com/vehicledetail/4d59f234-95fb-411f-b2ba-2073fe73a602/?aff=atempest&utm_campaign=atempest&utm_source=autotempest&utm_medium=trp&utm_campaign_id=1&utm_trusted=TRUE,https://www.cars.com/vehicledetail/4d59f234-95fb-411f-b2ba-2073fe73a602/,WP0CB2A83FS140838,False,2025-10-20T13:48:29.847322,2025-10-27T15:03:54.570246,2025-10-27T15:03:55.865306,1.0,2015,1.0,"$49,980",1.0,"33,699",1.0,Boxster,S,1.0,1.0,Black,Black,1.0,1.0,AutoTempest,1.0,9,,12988,"performance, exterior, appearance, comfort, seating, technology","Sport Exhaust (PSE), Bi-Xenon Headlights with Dynamic Cornering, 18–19"" Upgraded Wheels, Sport Steering Wheel, Auto-dim Mirrors & Rain Sensor, Sport Seats / Adaptive Sport Seats, BOSE Surround Sound, PCM w/ Navigation, Heated Seats",28,"$49,980"
107,https://www.autotempest.com/results?localization=country&make=porsche&maxyear=2016&minyear=2009&model=boxsters&transmission=auto&zip=30214,https://www.cars.com/vehicledetail/a43f3f45-ff76-4f4e-a66b-72fd2025f2c9/?aff=atempest&utm_campaign=atempest&utm_source=autotempest&utm_medium=trp&utm_campaign_id=1&utm_trusted=TRUE,https://www.cars.com/vehicledetail/a43f3f45-ff76-4f4e-a66b-72fd2025f2c9/,WP0CB2A81DS134226,False,2025-10-20T13:48:29.847322,2025-10-27T15:03:54.581163,2025-10-27T15:03:55.945993,1.0,2013,1.0,"$34,900",1.0,"73,139",1.0,Boxster,S,1.0,1.0,Red,Tan,1.0,1.0,AutoTempest,1.0,9,,12988,"performance, exterior, appearance, comfort, seating, technology","Sport Exhaust (PSE), Bi-Xenon Headlights with Dynamic Cornering, 18–19"" Upgraded Wheels, Sport Steering Wheel, Auto-dim Mirrors & Rain Sensor, Sport Seats / Adaptive Sport Seats, BOSE Surround Sound, PCM w/ Navigation, Heated Seats",29,"$34,900"
109,https://www.autotempest.com/results?localization=country&make=porsche&maxyear=2016&minyear=2009&model=boxsters&transmission=auto&zip=30214,https://www.cars.com/vehicledetail/06cd66b9-c945-42ce-9f3c-e20bf4532d8d/?aff=atempest&utm_campaign=atempest&utm_source=autotempest&utm_medium=trp&utm_campaign_id=1&utm_trusted=TRUE,https://www.cars.com/vehicledetail/06cd66b9-c945-42ce-9f3c-e20bf4532d8d/,WP0CB2A81ES140643,False,2025-10-20T13:48:29.847322,2025-10-27T15:03:54.585393,2025-10-27T15:03:55.987644,1.0,2014,1.0,"$39,750",1.0,"40,390",1.0,Boxster,S,1.0,1.0,Agate Gray Metallic,Black,1.0,1.0,AutoTempest,1.0,9,,12988,"performance, exterior, appearance, comfort, seating, technology","Sport Exhaust (PSE), Bi-Xenon Headlights with Dynamic Cornering, 18–19"" Upgraded Wheels, Sport Steering Wheel, Auto-dim Mirrors & Rain Sensor, Sport Seats / Adaptive Sport Seats, BOSE Surround Sound, PCM w/ Navigation, Heated Seats",30,"$39,750"
111,https://www.autotempest.com/results?localization=country&make=porsche&maxyear=2016&minyear=2009&model=boxsters&transmission=auto&zip=30214,https://www.cars.com/vehicledetail/0683d139-0331-4aff-bbf6-cd9e634a8acc/?aff=atempest&utm_campaign=atempest&utm_source=autotempest&utm_medium=trp&utm_campaign_id=1&utm_trusted=TRUE,https://www.cars.com/vehicledetail/0683d139-0331-4aff-bbf6-cd9e634a8acc/,WP0CB2A80ES141203,False,2025-10-20T13:48:29.847322,2025-10-27T15:03:54.589756,2025-10-27T15:03:56.027768,1.0,2014,1.0,"$48,790",1.0,"42,782",1.0,Boxster,S,1.0,1.0,Silver,Black,1.0,1.0,AutoTempest,1.0,9,,12988,"performance, exterior, appearance, comfort, seating, technology","Sport Exhaust (PSE), Bi-Xenon Headlights with Dynamic Cornering, 18–19"" Upgraded Wheels, Sport Steering Wheel, Auto-dim Mirrors & Rain Sensor, Sport Seats / Adaptive Sport Seats, BOSE Surround Sound, PCM w/ Navigation, Heated Seats",31,"$48,790"
10,https://www.autotempest.com/results?localization=country&make=porsche&maxyear=2016&minyear=2009&model=caymans&transmission=auto&zip=30214,https://www.cars.com/vehicledetail/0275ea51-17e6-4cc2-9e61-a70b31884b01/?aff=atempest&utm_campaign=atempest&utm_source=autotempest&utm_medium=trp&utm_campaign_id=1&utm_trusted=TRUE,https://www.cars.com/vehicledetail/0275ea51-17e6-4cc2-9e61-a70b31884b01/,WP0AB29819U780194,False,2025-10-20T11:15:51.725643,2025-10-27T15:03:54.389324,2025-10-27T15:03:54.779721,1.0,2009,1.0,"$38,999",1.0,"62,482",1.0,Cayman,S,1.0,1.0,Carrara White,Black,1.0,1.0,AutoTempest,1.0,8,,12954,"performance, exterior, appearance, seating, technology","Sport Exhaust (PSE), Bi-Xenon Headlights with Dynamic Cornering, 18–19"" Upgraded Wheels, Sport Chrono Package Plus, Sport Steering Wheel, Sport Seats / Adaptive Sport Seats, BOSE Surround Sound, PCM w/ Navigation",32,"$38,999"
93,https://www.autotempest.com/results?localization=country&make=porsche&maxyear=2016&minyear=2009&model=boxsters&transmission=auto&zip=30214,https://www.cars.com/vehicledetail/3fb52d43-72e7-4744-b4d7-850bd04c0d5c/?aff=atempest&utm_campaign=atempest&utm_source=autotempest&utm_medium=trp&utm_campaign_id=1&utm_trusted=TRUE,https://www.cars.com/vehicledetail/3fb52d43-72e7-4744-b4d7-850bd04c0d5c/,WP0CB2A84ES140670,False,2025-10-20T13:48:29.847322,2025-10-27T15:03:54.551593,2025-10-27T15:03:55.708736,1.0,2014,1.0,"$43,988",1.0,"39,419",1.0,Boxster,S,1.0,1.0,Guards Red,Luxor Beige,1.0,1.0,AutoTempest,1.0,8,,12954,"performance, exterior, appearance, seating, technology","Sport Exhaust (PSE), Bi-Xenon Headlights with Dynamic Cornering, 18–19"" Upgraded Wheels, Sport Chrono Package Plus, Sport Steering Wheel, Sport Seats / Adaptive Sport Seats, BOSE Surround Sound, PCM w/ Navigation",33,"$43,988"
22,https://www.autotempest.com/results?localization=country&make=porsche&maxyear=2016&minyear=2009&model=caymans&transmission=auto&zip=30214,https://www.cars.com/vehicledetail/685b6c92-0a90-4e51-a5aa-37f35e9fd68c/?aff=atempest&utm_campaign=atempest&utm_source=autotempest&utm_medium=trp&utm_campaign_id=1&utm_trusted=TRUE,https://www.cars.com/vehicledetail/685b6c92-0a90-4e51-a5aa-37f35e9fd68c/,WP0AB2A81CS780212,False,2025-10-20T11:15:51.777252,2025-10-27T15:03:54.414911,2025-10-27T15:03:54.934596,1.0,2012,1.0,"$49,987",1.0,"36,750",1.0,Cayman,Base,1.0,1.0,SILVER,BLACK,1.0,1.0,AutoTempest,1.0,10,,12953,"performance, exterior, convenience, appearance, comfort, technology, seating","Sport Exhaust (PSE), Bi-Xenon Headlights with Dynamic Cornering, 18–19"" Upgraded Wheels, Sport Chrono Package Plus, Park Assist, Sport Steering Wheel, Auto-dim Mirrors & Rain Sensor, BOSE Surround Sound, PCM w/ Navigation, Heated Seats",34,"$49,987"
4,https://www.autotempest.com/results?localization=country&make=porsche&maxyear=2012&minyear=2009&model=cayman&transmission=auto&zip=30214,https://www.cars.com/vehicledetail/6ddee177-b380-4d2f-9f92-ae72e5d8ec6a/?aff=atempest&utm_campaign=atempest&utm_source=autotempest&utm_medium=trp&utm_campaign_id=1&utm_trusted=TRUE,https://www.cars.com/vehicledetail/6ddee177-b380-4d2f-9f92-ae72e5d8ec6a/,WP0AA29859U761151,False,2025-10-26T11:13:59.194925,2025-10-27T15:03:54.374655,2025-10-27T15:03:54.697496,1.0,2009,1.0,"$38,989",1.0,"18,017",1.0,Cayman,Base,1.0,1.0,Black,Black,1.0,1.0,AutoTempest,1.0,8,,12494,"performance, exterior, appearance, seating, technology","Sport Exhaust (PSE), Bi-Xenon Headlights with Dynamic Cornering, 18–19"" Upgraded Wheels, Sport Steering Wheel, Sport Seats / Adaptive Sport Seats, BOSE Surround Sound, PCM w/ Navigation, Heated Seats",35,"$38,989"
20,https://www.autotempest.com/results?localization=country&make=porsche&maxyear=2016&minyear=2009&model=caymans&transmission=auto&zip=30214,https://www.cars.com/vehicledetail/f69492d7-52b2-4db3-a478-6194da1f9f11/?aff=atempest&utm_campaign=atempest&utm_source=autotempest&utm_medium=trp&utm_campaign_id=1&utm_trusted=TRUE,https://www.cars.com/vehicledetail/f69492d7-52b2-4db3-a478-6194da1f9f11/,WP0AB2A83EK191052,False,2025-10-20T13:48:29.847322,2025-10-27T15:03:54.410531,2025-10-27T15:03:54.901787,1.0,2014,1.0,"$46,419",1.0,"57,737",1.0,Cayman,S,1.0,1.0,Black,Black,1.0,1.0,AutoTempest,1.0,8,,12494,"performance, exterior, appearance, seating, technology","Sport Exhaust (PSE), Bi-Xenon Headlights with Dynamic Cornering, 18–19"" Upgraded Wheels, Sport Steering Wheel, Sport Seats / Adaptive Sport Seats, BOSE Surround Sound, PCM w/ Navigation, Heated Seats",36,"$46,419"
47,https://www.autotempest.com/results?localization=country&make=porsche&maxyear=2016&minyear=2009&model=boxster&transmission=auto&zip=30214,https://www.cars.com/vehicledetail/b21da60a-057b-46a3-b259-f10b1ad7f20f/?aff=atempest&utm_campaign=atempest&utm_source=autotempest&utm_medium=trp&utm_campaign_id=1&utm_trusted=TRUE,https://www.cars.com/vehicledetail/b21da60a-057b-46a3-b259-f10b1ad7f20f/,WP0CA2A80GS120941,False,2025-10-20T13:48:29.847322,2025-10-27T15:03:54.472648,2025-10-27T15:03:55.156253,1.0,2016,1.0,"$41,844",1.0,"51,382",1.0,Boxster,Base,1.0,1.0,Silver,Black,1.0,1.0,AutoTempest,1.0,8,,12494,"performance, exterior, appearance, seating, technology","Sport Exhaust (PSE), Bi-Xenon Headlights with Dynamic Cornering, 18–19"" Upgraded Wheels, Sport Steering Wheel, Sport Seats / Adaptive Sport Seats, BOSE Surround Sound, PCM w/ Navigation, Heated Seats",37,"$41,844"
95,https://www.autotempest.com/results?localization=country&make=porsche&maxyear=2016&minyear=2009&model=boxsters&transmission=auto&zip=30214,https://www.cars.com/vehicledetail/d307a2a1-6c74-4f7c-8dc4-5b437f4da383/?aff=atempest&utm_campaign=atempest&utm_source=autotempest&utm_medium=trp&utm_campaign_id=1&utm_trusted=TRUE,https://www.cars.com/vehicledetail/d307a2a1-6c74-4f7c-8dc4-5b437f4da383/,WP0CB2A8XDS134144,False,2025-10-20T13:48:29.847322,2025-10-27T15:03:54.555869,2025-10-27T15:03:55.745180,1.0,2013,1.0,"$34,700",1.0,"65,362",1.0,Boxster,S,1.0,1.0,Black,Black,1.0,1.0,AutoTempest,1.0,8,,12494,"performance, exterior, appearance, seating, technology","Sport Exhaust (PSE), Bi-Xenon Headlights with Dynamic Cornering, 18–19"" Upgraded Wheels, Sport Steering Wheel, Sport Seats / Adaptive Sport Seats, BOSE Surround Sound, PCM w/ Navigation, Heated Seats",38,"$34,700"
113,https://www.autotempest.com/results?localization=country&make=porsche&maxyear=2016&minyear=2009&model=boxsters&transmission=auto&zip=30214,https://www.cars.com/vehicledetail/bef1535e-4d4d-481e-8ca8-4e69dd69d141/?aff=atempest&utm_campaign=atempest&utm_source=autotempest&utm_medium=trp&utm_campaign_id=1&utm_trusted=TRUE,https://www.cars.com/vehicledetail/bef1535e-4d4d-481e-8ca8-4e69dd69d141/,WP0CB2A89BU730072,False,2025-10-20T13:48:29.847322,2025-10-27T15:03:54.594123,2025-10-27T15:03:56.060369,1.0,2011,1.0,"$26,500",1.0,"76,250",1.0,Boxster,S,1.0,1.0,Gray,Gray,1.0,1.0,AutoTempest,1.0,8,,12494,"performance, exterior, appearance, seating, technology","Sport Exhaust (PSE), Bi-Xenon Headlights with Dynamic Cornering, 18–19"" Upgraded Wheels, Sport Steering Wheel, Sport Seats / Adaptive Sport Seats, BOSE Surround Sound, PCM w/ Navigation, Heated Seats",39,"$26,500"
115,https://www.autotempest.com/results?localization=country&make=porsche&maxyear=2016&minyear=2009&model=boxsters&transmission=auto&zip=30214,https://www.cars.com/vehicledetail/abf85d47-0a12-40bf-ba6b-d519db1745ae/?aff=atempest&utm_campaign=atempest&utm_source=autotempest&utm_medium=trp&utm_campaign_id=1&utm_trusted=TRUE,https://www.cars.com/vehicledetail/abf85d47-0a12-40bf-ba6b-d519db1745ae/,WP0CB2A87DK132268,False,2025-10-26T11:50:39.352645,2025-10-27T15:03:54.598354,2025-10-27T15:03:56.098338,1.0,2013,1.0,"$46,855",1.0,"55,448",1.0,Boxster,S,1.0,1.0,Aqua Blue Metallic,Platinum Grey,1.0,1.0,AutoTempest,1.0,8,,12494,"performance, exterior, appearance, seating, technology","Sport Exhaust (PSE), Bi-Xenon Headlights with Dynamic Cornering, 18–19"" Upgraded Wheels, Sport Steering Wheel, Sport Seats / Adaptive Sport Seats, BOSE Surround Sound, PCM w/ Navigation, Heated Seats",40,"$46,855"
54,https://www.autotempest.com/results?localization=country&make=porsche&maxyear=2016&minyear=2009&model=boxster&transmission=auto&zip=30214,https://www.cars.com/vehicledetail/36f644e4-1bdc-4a22-b0f8-472f42bb499d/?aff=atempest&utm_campaign=atempest&utm_source=autotempest&utm_medium=trp&utm_campaign_id=1&utm_trusted=TRUE,https://www.cars.com/vehicledetail/36f644e4-1bdc-4a22-b0f8-472f42bb499d/,WP0CA2A84DS113678,False,2025-10-20T13:48:29.847322,2025-10-27T15:03:54.488315,2025-10-27T15:03:55.297190,1.0,2013,1.0,"$39,990",1.0,"26,481",1.0,Boxster,Base,1.0,1.0,Platinum Silver Metallic,Platinum Grey,1.0,1.0,AutoTempest,1.0,8,,12488,"performance, exterior, appearance, comfort, seating, technology","Sport Exhaust (PSE), Bi-Xenon Headlights with Dynamic Cornering, 18–19"" Upgraded Wheels, Sport Steering Wheel, Auto-dim Mirrors & Rain Sensor, Sport Seats / Adaptive Sport Seats, BOSE Surround Sound, PCM w/ Navigation",41,"$39,990"
90,https://www.autotempest.com/results?localization=country&make=porsche&maxyear=2016&minyear=2009&model=boxsters&transmission=auto&zip=30214,https://www.cars.com/vehicledetail/dccb8902-a155-44e3-bf33-6f563cb8bb77/?aff=atempest&utm_campaign=atempest&utm_source=autotempest&utm_medium=trp&utm_campaign_id=1&utm_trusted=TRUE,https://www.cars.com/vehicledetail/dccb8902-a155-44e3-bf33-6f563cb8bb77/,WP0CB2A80CS730216,False,2025-10-20T13:48:29.847322,2025-10-27T15:03:54.545737,2025-10-27T15:03:55.658555,1.0,2012,1.0,"$27,900",1.0,"86,375",1.0,Boxster,S,1.0,1.0,Aqua Blue Metallic,TAN,1.0,1.0,AutoTempest,1.0,9,,12389,"performance, exterior, convenience, appearance, technology, seating","Sport Exhaust (PSE), Bi-Xenon Headlights with Dynamic Cornering, 18–19"" Upgraded Wheels, Limited Slip Differential (LSD), Park Assist, Sport Steering Wheel, BOSE Surround Sound, PCM w/ Navigation, Heated Seats",42,"$27,900"
71,https://www.autotempest.com/results?localization=country&make=porsche&maxyear=2016&minyear=2009&model=boxster&transmission=auto&zip=30214,https://www.cars.com/vehicledetail/a7f36eda-f28c-4e1c-a9ac-cc6680958274/?aff=atempest&utm_campaign=atempest&utm_source=autotempest&utm_medium=trp&utm_campaign_id=1&utm_trusted=TRUE,https://www.cars.com/vehicledetail/a7f36eda-f28c-4e1c-a9ac-cc6680958274/,WP0CA2A8XGS120896,False,2025-10-22T09:21:13.237679,2025-10-27T15:03:54.522864,2025-10-27T15:03:55.571647,1.0,2016,1.0,"$32,500",1.0,"38,587",1.0,Boxster,Black Edition,1.0,1.0,Black,Black,1.0,1.0,AutoTempest,1.0,9,,12168,"performance, exterior, convenience, appearance, comfort, seating, technology","Sport Exhaust (PSE), Bi-Xenon Headlights with Dynamic Cornering, 18–19"" Upgraded Wheels, Park Assist, Sport Steering Wheel, Auto-dim Mirrors & Rain Sensor, Sport Seats / Adaptive Sport Seats, PCM w/ Navigation, Heated Seats",43,"$32,500"
53,https://www.autotempest.com/results?localization=country&make=porsche&maxyear=2016&minyear=2009&model=boxster&transmission=auto&zip=30214,https://www.cars.com/vehicledetail/2fa66227-fa88-4b2b-8bb7-89cbec2fe1c8/?aff=atempest&utm_campaign=atempest&utm_source=autotempest&utm_medium=trp&utm_campaign_id=1&utm_trusted=TRUE,https://www.cars.com/vehicledetail/2fa66227-fa88-4b2b-8bb7-89cbec2fe1c8/,WP0CA2A80DS114777,False,2025-10-20T13:48:29.847322,2025-10-27T15:03:54.486207,2025-10-27T15:03:55.278019,1.0,2013,1.0,"$34,988",1.0,"57,625",1.0,Boxster,Base,1.0,1.0,Black,Black,1.0,1.0,AutoTempest,1.0,8,,12034,"performance, exterior, appearance, seating, technology","Sport Exhaust (PSE), Bi-Xenon Headlights with Dynamic Cornering, 18–19"" Upgraded Wheels, Limited Slip Differential (LSD), Sport Steering Wheel, Sport Seats / Adaptive Sport Seats, PCM w/ Navigation, Heated Seats",44,"$34,988"
56,https://www.autotempest.com/results?localization=country&make=porsche&maxyear=2016&minyear=2009&model=boxster&transmission=auto&zip=30214,https://www.cars.com/vehicledetail/a0a9c0c9-af3c-48ec-ba2e-2e3225ac4f84/?aff=atempest&utm_campaign=atempest&utm_source=autotempest&utm_medium=trp&utm_campaign_id=1&utm_trusted=TRUE,https://www.cars.com/vehicledetail/a0a9c0c9-af3c-48ec-ba2e-2e3225ac4f84/,WP0CB2A88DS134031,False,2025-10-20T13:48:29.847322,2025-10-27T15:03:54.492465,2025-10-27T15:03:55.338810,1.0,2013,1.0,"$39,999",1.0,"65,295",1.0,Boxster,S,1.0,1.0,Cognac Metallic,Espresso,1.0,1.0,AutoTempest,1.0,7,,11994,"performance, exterior, appearance, seating, technology","Sport Exhaust (PSE), Bi-Xenon Headlights with Dynamic Cornering, 18–19"" Upgraded Wheels, Sport Steering Wheel, Sport Seats / Adaptive Sport Seats, BOSE Surround Sound, PCM w/ Navigation",45,"$39,999"
39,https://www.autotempest.com/results?localization=country&make=porsche&maxyear=2016&minyear=2009&model=boxster&transmission=auto&zip=30214,https://www.cars.com/vehicledetail/0b40136a-d9d7-48b6-89a4-9110655ea5b0/?aff=atempest&utm_campaign=atempest&utm_source=autotempest&utm_medium=trp&utm_campaign_id=1&utm_trusted=TRUE,https://www.cars.com/vehicledetail/0b40136a-d9d7-48b6-89a4-9110655ea5b0/,WP0CA2A82DS113842,False,2025-10-24T10:08:14.083371,2025-10-27T15:03:54.453819,2025-10-27T15:03:55.054462,1.0,2013,1.0,"$39,000",1.0,"33,215",1.0,Boxster,Base,1.0,1.0,Black,Black,1.0,1.0,AutoTempest,1.0,8,,11638,"performance, exterior, appearance, comfort, seating, technology","Sport Exhaust (PSE), Bi-Xenon Headlights with Dynamic Cornering, 18–19"" Upgraded Wheels, Sport Steering Wheel, Auto-dim Mirrors & Rain Sensor, Sport Seats / Adaptive Sport Seats, PCM w/ Navigation, Heated Seats",46,"$39,000"
61,https://www.autotempest.com/results?localization=country&make=porsche&maxyear=2016&minyear=2009&model=boxster&transmission=auto&zip=30214,https://www.cars.com/vehicledetail/637e5d1d-db27-4281-b624-5983880574d8/?aff=atempest&utm_campaign=atempest&utm_source=autotempest&utm_medium=trp&utm_campaign_id=1&utm_trusted=TRUE,https://www.cars.com/vehicledetail/637e5d1d-db27-4281-b624-5983880574d8/,WP0CA2A81FS121143,False,2025-10-20T13:48:29.847322,2025-10-27T15:03:54.503118,2025-10-27T15:03:55.405118,1.0,2015,1.0,"$44,745",1.0,"17,642",1.0,Boxster,Base,1.0,1.0,White,Black,1.0,1.0,AutoTempest,1.0,8,,11499,"performance, exterior, convenience, appearance, technology, seating","Sport Exhaust (PSE), Bi-Xenon Headlights with Dynamic Cornering, 18–19"" Upgraded Wheels, Park Assist, Sport Steering Wheel, BOSE Surround Sound, PCM w/ Navigation, Heated Seats",47,"$44,745"
92,https://www.autotempest.com/results?localization=country&make=porsche&maxyear=2016&minyear=2009&model=boxsters&transmission=auto&zip=30214,https://www.cars.com/vehicledetail/695f198b-ed02-4c08-8b7c-6251a0090781/?aff=atempest&utm_campaign=atempest&utm_source=autotempest&utm_medium=trp&utm_campaign_id=1&utm_trusted=TRUE,https://www.cars.com/vehicledetail/695f198b-ed02-4c08-8b7c-6251a0090781/,WP0CB2A8XES140186,False,2025-10-20T13:48:29.847322,2025-10-27T15:03:54.549699,2025-10-27T15:03:55.700226,1.0,2014,1.0,"$47,763",1.0,"35,350",1.0,Boxster,S,1.0,1.0,Rhodium Silver,Carrera Red,1.0,1.0,AutoTempest,1.0,9,,11448,"appearance, exterior, performance, comfort, seating, technology","Bi-Xenon Headlights with Dynamic Cornering, 18–19"" Upgraded Wheels, Sport Chrono Package Plus, Sport Steering Wheel, Auto-dim Mirrors & Rain Sensor, Sport Seats / Adaptive Sport Seats, BOSE Surround Sound, PCM w/ Navigation, Heated Seats",48,"$47,763"
65,https://www.autotempest.com/results?localization=country&make=porsche&maxyear=2016&minyear=2009&model=boxster&transmission=auto&zip=30214,https://www.cars.com/vehicledetail/33fb3af0-dbea-4c56-952d-1625c5a60d36/?aff=atempest&utm_campaign=atempest&utm_source=autotempest&utm_medium=trp&utm_campaign_id=1&utm_trusted=TRUE,https://www.cars.com/vehicledetail/33fb3af0-dbea-4c56-952d-1625c5a60d36/,WP0CA2A86DS114718,False,2025-10-20T13:48:29.847322,2025-10-27T15:03:54.510945,2025-10-27T15:03:55.476899,1.0,2013,1.0,"$38,977",1.0,"42,819",1.0,Boxster,Base,1.0,1.0,Black,Tan,1.0,1.0,AutoTempest,1.0,7,,11144,"performance, exterior, appearance, seating, technology","Sport Exhaust (PSE), Bi-Xenon Headlights with Dynamic Cornering, 18–19"" Upgraded Wheels, Sport Steering Wheel, Sport Seats / Adaptive Sport Seats, PCM w/ Navigation, Heated Seats",49,"$38,977"
72,https://www.autotempest.com/results?localization=country&make=porsche&maxyear=2016&minyear=2009&model=boxster&transmission=auto&zip=30214,https://www.cars.com/vehicledetail/bc7a90e9-e0f7-4efc-b6f7-b9953e557b00/?aff=atempest&utm_campaign=atempest&utm_source=autotempest&utm_medium=trp&utm_campaign_id=1&utm_trusted=TRUE,https://www.cars.com/vehicledetail/bc7a90e9-e0f7-4efc-b6f7-b9953e557b00/,WP0CA2A84DS114250,False,2025-10-22T09:21:13.237679,2025-10-27T15:03:54.524751,2025-10-27T15:03:55.588729,1.0,2013,1.0,"$29,495",1.0,"55,327",1.0,Boxster,Base,1.0,1.0,GRAY,GRAY,1.0,1.0,AutoTempest,1.0,7,,10969,"performance, exterior, appearance, technology, seating","Sport Exhaust (PSE), Bi-Xenon Headlights with Dynamic Cornering, 18–19"" Upgraded Wheels, Sport Steering Wheel, BOSE Surround Sound, PCM w/ Navigation, Heated Seats",50,"$29,495"
94,https://www.autotempest.com/results?localization=country&make=porsche&maxyear=2016&minyear=2009&model=boxsters&transmission=auto&zip=30214,https://www.cars.com/vehicledetail/9911a576-8804-4fd7-a62d-61ca63768259/?aff=atempest&utm_campaign=atempest&utm_source=autotempest&utm_medium=trp&utm_campaign_id=1&utm_trusted=TRUE,https://www.cars.com/vehicledetail/9911a576-8804-4fd7-a62d-61ca63768259/,WP0CB298X9U730290,False,2025-10-20T13:48:29.847322,2025-10-27T15:03:54.553730,2025-10-27T15:03:55.727598,1.0,2009,1.0,"$39,999",1.0,"14,832",1.0,Boxster,S,1.0,1.0,Silver,Black,1.0,1.0,AutoTempest,1.0,7,,10969,"performance, exterior, appearance, technology, seating","Sport Exhaust (PSE), Bi-Xenon Headlights with Dynamic Cornering, 18–19"" Upgraded Wheels, Sport Steering Wheel, BOSE Surround Sound, PCM w/ Navigation, Heated Seats",51,"$39,999"
116,https://www.autotempest.com/results?localization=country&make=porsche&maxyear=2016&minyear=2009&model=boxsters&transmission=auto&zip=30214,https://www.cars.com/vehicledetail/ffc7bd8f-5292-45a5-a21e-aa01aade414e/?aff=atempest&utm_campaign=atempest&utm_source=autotempest&utm_medium=trp&utm_campaign_id=1&utm_trusted=TRUE,https://www.cars.com/vehicledetail/ffc7bd8f-5292-45a5-a21e-aa01aade414e/,WP0CB2A83DS132123,False,2025-10-26T11:50:39.352645,2025-10-27T15:03:54.600207,2025-10-27T15:03:56.116429,1.0,2013,1.0,"$29,990",1.0,"39,785",1.0,Boxster,S,1.0,1.0,White,Carrera Red,1.0,1.0,AutoTempest,1.0,7,,10969,"performance, exterior, appearance, technology, seating","Sport Exhaust (PSE), Bi-Xenon Headlights with Dynamic Cornering, 18–19"" Upgraded Wheels, Sport Steering Wheel, BOSE Surround Sound, PCM w/ Navigation, Heated Seats",52,"$29,990"
69,https://www.autotempest.com/results?localization=country&make=porsche&maxyear=2016&minyear=2009&model=boxster&transmission=auto&zip=30214,https://www.cars.com/vehicledetail/46b1254b-ca5b-49cd-abe7-4c33c3d958be/?aff=atempest&utm_campaign=atempest&utm_source=autotempest&utm_medium=trp&utm_campaign_id=1&utm_trusted=TRUE,https://www.cars.com/vehicledetail/46b1254b-ca5b-49cd-abe7-4c33c3d958be/,WP0CA2A83FS120947,False,2025-10-22T09:21:13.237679,2025-10-27T15:03:54.518931,2025-10-27T15:03:55.530304,1.0,2015,1.0,"$35,380",1.0,"31,396",1.0,Boxster,Base,1.0,1.0,Racing Yellow,Yachting Blue,1.0,1.0,AutoTempest,1.0,7,,10579,"performance, exterior, appearance, technology, seating","Sport Exhaust (PSE), Bi-Xenon Headlights with Dynamic Cornering, 18–19"" Upgraded Wheels, Sport Chrono Package Plus, Sport Steering Wheel, PCM w/ Navigation, Heated Seats",53,"$35,380"
44,https://www.autotempest.com/results?localization=country&make=porsche&maxyear=2016&minyear=2009&model=boxster&transmission=auto&zip=30214,https://www.cars.com/vehicledetail/75b49892-80b3-47e5-a146-dc7dac4c52ff/?aff=atempest&utm_campaign=atempest&utm_source=autotempest&utm_medium=trp&utm_campaign_id=1&utm_trusted=TRUE,https://www.cars.com/vehicledetail/75b49892-80b3-47e5-a146-dc7dac4c52ff/,WP0CA2A88FS110236,False,2025-10-20T13:48:29.847322,2025-10-27T15:03:54.465431,2025-10-27T15:03:55.118705,1.0,2015,1.0,"$34,561",1.0,"51,996",1.0,Boxster,Base,1.0,1.0,Rhodium Silver,Black,1.0,1.0,AutoTempest,1.0,8,,10488,"seating, exterior, appearance, comfort, technology","Bi-Xenon Headlights with Dynamic Cornering, 18–19"" Upgraded Wheels, Sport Steering Wheel, Auto-dim Mirrors & Rain Sensor, Sport Seats / Adaptive Sport Seats, BOSE Surround Sound, PCM w/ Navigation, Heated Seats",54,"$34,561"
59,https://www.autotempest.com/results?localization=country&make=porsche&maxyear=2016&minyear=2009&model=boxster&transmission=auto&zip=30214,https://www.cars.com/vehicledetail/2faaa857-2473-4c8f-9d74-331b13721643/?aff=atempest&utm_campaign=atempest&utm_source=autotempest&utm_medium=trp&utm_campaign_id=1&utm_trusted=TRUE,https://www.cars.com/vehicledetail/2faaa857-2473-4c8f-9d74-331b13721643/,WP0CA2A8XES120491,False,2025-10-20T13:48:29.847322,2025-10-27T15:03:54.499211,2025-10-27T15:03:55.383034,1.0,2014,1.0,"$33,880",1.0,"64,592",1.0,Boxster,Base,1.0,1.0,White,Black,1.0,1.0,AutoTempest,1.0,8,,10488,"seating, exterior, appearance, comfort, technology","Bi-Xenon Headlights with Dynamic Cornering, 18–19"" Upgraded Wheels, Sport Steering Wheel, Auto-dim Mirrors & Rain Sensor, Sport Seats / Adaptive Sport Seats, BOSE Surround Sound, PCM w/ Navigation, Heated Seats",55,"$33,880"
48,https://www.autotempest.com/results?localization=country&make=porsche&maxyear=2016&minyear=2009&model=boxster&transmission=auto&zip=30214,https://www.cars.com/vehicledetail/6d6d7114-6494-4c63-9b98-d376245470c8/?aff=atempest&utm_campaign=atempest&utm_source=autotempest&utm_medium=trp&utm_campaign_id=1&utm_trusted=TRUE,https://www.cars.com/vehicledetail/6d6d7114-6494-4c63-9b98-d376245470c8/,WP0CA2A82FS120857,False,2025-10-26T11:50:39.352645,2025-10-27T15:03:54.475079,2025-10-27T15:03:55.175966,1.0,2015,1.0,"$27,991",1.0,"101,354",1.0,Boxster,Base,1.0,1.0,Black,Luxor Beige,1.0,1.0,AutoTempest,1.0,6,,10469,"performance, exterior, appearance, technology","Sport Exhaust (PSE), Bi-Xenon Headlights with Dynamic Cornering, 18–19"" Upgraded Wheels, Sport Steering Wheel, BOSE Surround Sound, PCM w/ Navigation",56,"$27,991"
52,https://www.autotempest.com/results?localization=country&make=porsche&maxyear=2016&minyear=2009&model=boxster&transmission=auto&zip=30214,https://www.cars.com/vehicledetail/d7057ea0-d581-47d3-96a7-9477ca638e7d/?aff=atempest&utm_campaign=atempest&utm_source=autotempest&utm_medium=trp&utm_campaign_id=1&utm_trusted=TRUE,https://www.cars.com/vehicledetail/d7057ea0-d581-47d3-96a7-9477ca638e7d/,WP0CA2A88ES120697,False,2025-10-20T13:48:29.847322,2025-10-27T15:03:54.484253,2025-10-27T15:03:55.256204,1.0,2014,1.0,"$36,994",1.0,"44,594",1.0,Boxster,Base,1.0,1.0,Black,Luxor Beige,1.0,1.0,AutoTempest,1.0,9,,10253,"performance, exterior, convenience, appearance, comfort, seating, technology","Sport Exhaust (PSE), Bi-Xenon Headlights with Dynamic Cornering, 18–19"" Upgraded Wheels, Park Assist, Sport Steering Wheel, Auto-dim Mirrors & Rain Sensor, Sport Seats / Adaptive Sport Seats, BOSE Surround Sound, Heated Seats",57,"$36,994"
105,https://www.autotempest.com/results?localization=country&make=porsche&maxyear=2016&minyear=2009&model=boxsters&transmission=auto&zip=30214,https://www.cars.com/vehicledetail/dd6537fb-ee98-47f1-aba7-a5b6dd2568cc/?aff=atempest&utm_campaign=atempest&utm_source=autotempest&utm_medium=trp&utm_campaign_id=1&utm_trusted=TRUE,https://www.cars.com/vehicledetail/dd6537fb-ee98-47f1-aba7-a5b6dd2568cc/,WP0CB2A84ES140488,False,2025-10-20T13:48:29.847322,2025-10-27T15:03:54.576778,2025-10-27T15:03:55.914986,1.0,2014,1.0,"$32,987",1.0,"88,780",1.0,Boxster,S,1.0,1.0,Black,Agate Gray,1.0,1.0,AutoTempest,1.0,9,,10253,"performance, exterior, convenience, appearance, comfort, seating, technology","Sport Exhaust (PSE), Bi-Xenon Headlights with Dynamic Cornering, 18–19"" Upgraded Wheels, Park Assist, Sport Steering Wheel, Auto-dim Mirrors & Rain Sensor, Sport Seats / Adaptive Sport Seats, BOSE Surround Sound, Heated Seats",58,"$32,987"
117,https://www.autotempest.com/results?localization=country&make=porsche&maxyear=2016&minyear=2009&model=boxsters&transmission=auto&zip=30214,https://www.cars.com/vehicledetail/018e089d-a67a-4f62-8d6d-3dba19773d52/?aff=atempest&utm_campaign=atempest&utm_source=autotempest&utm_medium=trp&utm_campaign_id=1&utm_trusted=TRUE,https://www.cars.com/vehicledetail/018e089d-a67a-4f62-8d6d-3dba19773d52/,WP0CB2A88DS133736,False,2025-10-26T11:50:39.352645,2025-10-27T15:03:54.602076,2025-10-27T15:03:56.132199,1.0,2013,1.0,"$46,441",1.0,"50,619",1.0,Boxster,S,1.0,1.0,Aqua Blue Metallic,Luxor Beige,1.0,1.0,AutoTempest,1.0,9,,10253,"performance, exterior, convenience, appearance, comfort, seating, technology","Sport Exhaust (PSE), Bi-Xenon Headlights with Dynamic Cornering, 18–19"" Upgraded Wheels, Park Assist, Sport Steering Wheel, Auto-dim Mirrors & Rain Sensor, Sport Seats / Adaptive Sport Seats, BOSE Surround Sound, Heated Seats",59,"$46,441"
45,https://www.autotempest.com/results?localization=country&make=porsche&maxyear=2016&minyear=2009&model=boxster&transmission=auto&zip=30214,https://www.cars.com/vehicledetail/c0de634b-f215-4c0b-a4f1-055d16011557/?aff=atempest&utm_campaign=atempest&utm_source=autotempest&utm_medium=trp&utm_campaign_id=1&utm_trusted=TRUE,https://www.cars.com/vehicledetail/c0de634b-f215-4c0b-a4f1-055d16011557/,WP0CA2A83ES120378,False,2025-10-20T13:48:29.847322,2025-10-27T15:03:54.467897,2025-10-27T15:03:55.127374,1.0,2014,1.0,"$31,985",1.0,"59,911",1.0,Boxster,Base,1.0,1.0,Rhodium Silver Metallic,Black,1.0,1.0,AutoTempest,1.0,7,,10113,"performance, exterior, appearance, comfort, technology, seating","Sport Exhaust (PSE), Bi-Xenon Headlights with Dynamic Cornering, 18–19"" Upgraded Wheels, Sport Steering Wheel, Auto-dim Mirrors & Rain Sensor, PCM w/ Navigation, Heated Seats",60,"$31,985"
55,https://www.autotempest.com/results?localization=country&make=porsche&maxyear=2016&minyear=2009&model=boxster&transmission=auto&zip=30214,https://www.cars.com/vehicledetail/3832646b-b110-4017-93fa-efe85fbbbaf4/?aff=atempest&utm_campaign=atempest&utm_source=autotempest&utm_medium=trp&utm_campaign_id=1&utm_trusted=TRUE,https://www.cars.com/vehicledetail/3832646b-b110-4017-93fa-efe85fbbbaf4/,WP0CA2A82EK120419,False,2025-10-22T09:21:13.237679,2025-10-27T15:03:54.490281,2025-10-27T15:03:55.319115,1.0,2014,1.0,"$36,992",1.0,"40,805",1.0,Boxster,Base,1.0,1.0,Guards Red,Black,1.0,1.0,AutoTempest,1.0,8,,9723,"performance, exterior, appearance, comfort, seating, technology","Sport Exhaust (PSE), Bi-Xenon Headlights with Dynamic Cornering, 18–19"" Upgraded Wheels, Sport Steering Wheel, Auto-dim Mirrors & Rain Sensor, Sport Seats / Adaptive Sport Seats, BOSE Surround Sound, Heated Seats",61,"$36,992"
68,https://www.autotempest.com/results?localization=country&make=porsche&maxyear=2016&minyear=2009&model=boxster&transmission=auto&zip=30214,https://www.cars.com/vehicledetail/0a64eab0-ee67-4518-a081-4b491dc5eff2/?aff=atempest&utm_campaign=atempest&utm_source=autotempest&utm_medium=trp&utm_campaign_id=1&utm_trusted=TRUE,https://www.cars.com/vehicledetail/0a64eab0-ee67-4518-a081-4b491dc5eff2/,WP0CA2A82EK120890,False,2025-10-22T09:21:13.237679,2025-10-27T15:03:54.516827,2025-10-27T15:03:55.518637,1.0,2014,1.0,"$36,113",1.0,"32,936",1.0,Boxster,Base,1.0,1.0,Gray,Black,1.0,1.0,AutoTempest,1.0,6,,9494,"seating, exterior, appearance, technology","Bi-Xenon Headlights with Dynamic Cornering, 18–19"" Upgraded Wheels, Sport Steering Wheel, Sport Seats / Adaptive Sport Seats, BOSE Surround Sound, PCM w/ Navigation",62,"$36,113"
14,https://www.autotempest.com/results?localization=country&make=porsche&maxyear=2016&minyear=2009&model=caymans&transmission=auto&zip=30214,https://www.cars.com/vehicledetail/41de82b4-06f3-44a2-aa5f-cc2db0f55b79/?aff=atempest&utm_campaign=atempest&utm_source=autotempest&utm_medium=trp&utm_campaign_id=1&utm_trusted=TRUE,https://www.cars.com/vehicledetail/41de82b4-06f3-44a2-aa5f-cc2db0f55b79/,WP0AB2A84FK182989,False,2025-10-20T13:48:29.847322,2025-10-27T15:03:54.397079,2025-10-27T15:03:54.819731,1.0,2015,1.0,"$42,598",1.0,"77,339",1.0,Cayman,S,1.0,1.0,Red,Black,1.0,1.0,AutoTempest,1.0,6,,9369,"performance, exterior, appearance, seating","Sport Exhaust (PSE), Bi-Xenon Headlights with Dynamic Cornering, 18–19"" Upgraded Wheels, Sport Steering Wheel, Sport Seats / Adaptive Sport Seats, PASM",63,"$42,598"
41,https://www.autotempest.com/results?localization=country&make=porsche&maxyear=2016&minyear=2009&model=boxster&transmission=auto&zip=30214,https://www.cars.com/vehicledetail/70e35dd2-6d70-47a4-a698-a408eddf8600/?aff=atempest&utm_campaign=atempest&utm_source=autotempest&utm_medium=trp&utm_campaign_id=1&utm_trusted=TRUE,https://www.cars.com/vehicledetail/70e35dd2-6d70-47a4-a698-a408eddf8600/,WP0CA29869U710511,False,2025-10-24T10:08:14.083371,2025-10-27T15:03:54.458265,2025-10-27T15:03:55.072802,1.0,2009,1.0,"$35,997",1.0,"28,760",1.0,Boxster,Base,1.0,1.0,AQUA BLUE,Stone Gray,1.0,1.0,AutoTempest,1.0,7,,9229,"performance, exterior, appearance, seating, technology","Sport Exhaust (PSE), Bi-Xenon Headlights with Dynamic Cornering, 18–19"" Upgraded Wheels, Sport Steering Wheel, Sport Seats / Adaptive Sport Seats, BOSE Surround Sound, Heated Seats",64,"$35,997"
42,https://www.autotempest.com/results?localization=country&make=porsche&maxyear=2016&minyear=2009&model=boxster&transmission=auto&zip=30214,https://www.cars.com/vehicledetail/9c377ac2-b6a9-447c-a8d6-701c3b25291f/?aff=atempest&utm_campaign=atempest&utm_source=autotempest&utm_medium=trp&utm_campaign_id=1&utm_trusted=TRUE,https://www.cars.com/vehicledetail/9c377ac2-b6a9-447c-a8d6-701c3b25291f/,WP0CA2A88DS114669,False,2025-10-20T13:48:29.847322,2025-10-27T15:03:54.460556,2025-10-27T15:03:55.090853,1.0,2013,1.0,"$36,985",1.0,"26,319",1.0,Boxster,Base,1.0,1.0,Black,Luxor Beige,1.0,1.0,AutoTempest,1.0,5,,9119,"performance, exterior, appearance, technology","Sport Exhaust (PSE), Bi-Xenon Headlights with Dynamic Cornering, 18–19"" Upgraded Wheels, Sport Steering Wheel, PCM w/ Navigation",65,"$36,985"
51,https://www.autotempest.com/results?localization=country&make=porsche&maxyear=2016&minyear=2009&model=boxster&transmission=auto&zip=30214,https://www.cars.com/vehicledetail/dca81de3-e3b5-4a86-bfc6-e6d8be843e7b/?aff=atempest&utm_campaign=atempest&utm_source=autotempest&utm_medium=trp&utm_campaign_id=1&utm_trusted=TRUE,https://www.cars.com/vehicledetail/dca81de3-e3b5-4a86-bfc6-e6d8be843e7b/,WP0CA2A81ES121304,False,2025-10-20T13:48:29.847322,2025-10-27T15:03:54.482120,2025-10-27T15:03:55.237825,1.0,2014,1.0,"$38,995",1.0,"36,898",1.0,Boxster,Base,1.0,1.0,Dark Blue Metallic,Yachting Blue,1.0,1.0,AutoTempest,1.0,8,,8903,"performance, exterior, convenience, appearance, comfort, seating","Sport Exhaust (PSE), Bi-Xenon Headlights with Dynamic Cornering, 18–19"" Upgraded Wheels, Park Assist, Sport Steering Wheel, Auto-dim Mirrors & Rain Sensor, Sport Seats / Adaptive Sport Seats, Heated Seats",66,"$38,995"
9,https://www.autotempest.com/results?localization=country&make=porsche&maxyear=2016&minyear=2009&model=caymans&transmission=auto&zip=30214,https://www.cars.com/vehicledetail/6803f873-21fb-4fdb-87c4-ebcb81d91b51/?aff=atempest&utm_campaign=atempest&utm_source=autotempest&utm_medium=trp&utm_campaign_id=1&utm_trusted=TRUE,https://www.cars.com/vehicledetail/6803f873-21fb-4fdb-87c4-ebcb81d91b51/,WP0AB2A82BU780142,False,2025-10-20T11:15:51.707111,2025-10-27T15:03:54.386862,2025-10-27T15:03:54.770801,1.0,2011,1.0,"$54,998",1.0,"31,099",1.0,Cayman,S,1.0,1.0,Carrara White,Black,1.0,1.0,AutoTempest,1.0,7,,8719,"performance, exterior, appearance, seating","Bi-Xenon Headlights with Dynamic Cornering, 18–19"" Upgraded Wheels, Sport Chrono Package Plus, Limited Slip Differential (LSD), Sport Steering Wheel, Sport Seats / Adaptive Sport Seats, PASM",67,"$54,998"
12,https://www.autotempest.com/results?localization=country&make=porsche&maxyear=2016&minyear=2009&model=caymans&transmission=auto&zip=30214,https://www.cars.com/vehicledetail/72e7fa75-5290-4ef3-971d-f53dbe2507cc/?aff=atempest&utm_campaign=atempest&utm_source=autotempest&utm_medium=trp&utm_campaign_id=1&utm_trusted=TRUE,https://www.cars.com/vehicledetail/72e7fa75-5290-4ef3-971d-f53dbe2507cc/,WP0AB29829U780737,False,2025-10-20T11:15:51.735588,2025-10-27T15:03:54.391556,2025-10-27T15:03:54.795067,1.0,2009,1.0,"$38,887",1.0,"68,714",1.0,Cayman,S,1.0,1.0,Basalt Black Metallic,Black,1.0,1.0,AutoTempest,1.0,6,,8644,"technology, exterior, appearance, seating","Bi-Xenon Headlights with Dynamic Cornering, 18–19"" Upgraded Wheels, Sport Steering Wheel, Sport Seats / Adaptive Sport Seats, PCM w/ Navigation, Heated Seats",68,"$38,887"
23,https://www.autotempest.com/results?localization=country&make=porsche&maxyear=2016&minyear=2009&model=caymans&transmission=auto&zip=30214,https://www.cars.com/vehicledetail/d29d942f-f793-4b50-bcb1-29eb962fcf1c/?aff=atempest&utm_campaign=atempest&utm_source=autotempest&utm_medium=trp&utm_campaign_id=1&utm_trusted=TRUE,https://www.cars.com/vehicledetail/d29d942f-f793-4b50-bcb1-29eb962fcf1c/,WP0AB2A83BU780523,False,2025-10-20T11:15:51.785959,2025-10-27T15:03:54.417036,2025-10-27T15:03:54.948828,1.0,2011,1.0,"$40,495",1.0,"42,215",1.0,Cayman,S,1.0,1.0,Black,Black,1.0,1.0,AutoTempest,1.0,6,,8644,"seating, exterior, appearance, technology","Bi-Xenon Headlights with Dynamic Cornering, 18–19"" Upgraded Wheels, Sport Steering Wheel, Sport Seats / Adaptive Sport Seats, PCM w/ Navigation, Heated Seats",69,"$40,495"
66,https://www.autotempest.com/results?localization=country&make=porsche&maxyear=2016&minyear=2009&model=boxster&transmission=auto&zip=30214,https://www.cars.com/vehicledetail/378a634d-7eaa-43e0-9334-74d693dd4a51/?aff=atempest&utm_campaign=atempest&utm_source=autotempest&utm_medium=trp&utm_campaign_id=1&utm_trusted=TRUE,https://www.cars.com/vehicledetail/378a634d-7eaa-43e0-9334-74d693dd4a51/,WP0CA2A8XFS121187,False,2025-10-22T09:21:13.237679,2025-10-27T15:03:54.513006,2025-10-27T15:03:55.497449,1.0,2015,1.0,"$30,990",1.0,"81,336",1.0,Boxster,Base,1.0,1.0,Yellow,Black,1.0,1.0,AutoTempest,1.0,6,,8644,"seating, exterior, appearance, technology","Bi-Xenon Headlights with Dynamic Cornering, 18–19"" Upgraded Wheels, Sport Steering Wheel, Sport Seats / Adaptive Sport Seats, PCM w/ Navigation, Heated Seats",70,"$30,990"
67,https://www.autotempest.com/results?localization=country&make=porsche&maxyear=2016&minyear=2009&model=boxster&transmission=auto&zip=30214,https://www.cars.com/vehicledetail/b029c01b-0bac-455b-be24-0ded56573b4a/?aff=atempest&utm_campaign=atempest&utm_source=autotempest&utm_medium=trp&utm_campaign_id=1&utm_trusted=TRUE,https://www.cars.com/vehicledetail/b029c01b-0bac-455b-be24-0ded56573b4a/,WP0CA2A83DS113672,False,2025-10-22T09:21:13.237679,2025-10-27T15:03:54.514925,2025-10-27T15:03:55.510321,1.0,2013,1.0,"$35,000",1.0,"63,069",1.0,Boxster,Base,1.0,1.0,Black,Black,1.0,1.0,AutoTempest,1.0,6,,8644,"seating, exterior, appearance, technology","Bi-Xenon Headlights with Dynamic Cornering, 18–19"" Upgraded Wheels, Sport Steering Wheel, Sport Seats / Adaptive Sport Seats, PCM w/ Navigation, Heated Seats",71,"$35,000"
50,https://www.autotempest.com/results?localization=country&make=porsche&maxyear=2016&minyear=2009&model=boxster&transmission=auto&zip=30214,https://www.cars.com/vehicledetail/b654d095-c2a8-49c8-8036-fd4da8daa719/?aff=atempest&utm_campaign=atempest&utm_source=autotempest&utm_medium=trp&utm_campaign_id=1&utm_trusted=TRUE,https://www.cars.com/vehicledetail/b654d095-c2a8-49c8-8036-fd4da8daa719/,WP0CA2A87DS112220,False,2025-10-23T09:15:00.471641,2025-10-27T15:03:54.479865,2025-10-27T15:03:55.213184,1.0,2013,1.0,"$29,991",1.0,"76,442",1.0,Boxster,Base,1.0,1.0,Agate Gray Metallic,Gray,1.0,1.0,AutoTempest,1.0,7,,8373,"performance, exterior, appearance, comfort, seating","Sport Exhaust (PSE), Bi-Xenon Headlights with Dynamic Cornering, 18–19"" Upgraded Wheels, Sport Steering Wheel, Auto-dim Mirrors & Rain Sensor, Sport Seats / Adaptive Sport Seats, Heated Seats",72,"$29,991"
18,https://www.autotempest.com/results?localization=country&make=porsche&maxyear=2016&minyear=2009&model=caymans&transmission=auto&zip=30214,https://www.cars.com/vehicledetail/29e30a9b-ccba-4cd1-b537-e2a0f5ce4c99/?aff=atempest&utm_campaign=atempest&utm_source=autotempest&utm_medium=trp&utm_campaign_id=1&utm_trusted=TRUE,https://www.cars.com/vehicledetail/29e30a9b-ccba-4cd1-b537-e2a0f5ce4c99/,WP0AB2A86EK190414,False,2025-10-20T13:48:29.847322,2025-10-27T15:03:54.406572,2025-10-27T15:03:54.878391,1.0,2014,1.0,"$29,950",1.0,0,1.0,Cayman,S,1.0,1.0,Agate Gray Metallic,Gray,1.0,1.0,AutoTempest,1.0,5,,8144,"seating, exterior, appearance, technology","Bi-Xenon Headlights with Dynamic Cornering, 18–19"" Upgraded Wheels, Sport Steering Wheel, Sport Seats / Adaptive Sport Seats, PCM w/ Navigation",73,"$29,950"
74,https://www.autotempest.com/results?localization=country&make=porsche&maxyear=2016&minyear=2009&model=boxster&transmission=auto&zip=30214,https://www.cars.com/vehicledetail/04bd9c8a-92ad-49aa-9a4e-060bd5748013/?aff=atempst&utm_campaign=atempst&utm_source=autotempest&utm_medium=trp&utm_campaign_id=1&utm_trusted=TRUE,https://www.cars.com/vehicledetail/04bd9c8a-92ad-49aa-9a4e-060bd5748013/,WP0CA2A87ES120609,False,2025-10-23T09:15:00.471641,2025-10-27T15:03:54.528908,2025-10-27T15:03:55.619214,1.0,2014,1.0,"$28,500",1.0,"101,000",1.0,Boxster,Base,1.0,1.0,White,Black,1.0,1.0,AutoTempest,1.0,5,,8140,"performance, exterior, seating, technology","18–19"" Upgraded Wheels, Sport Seats / Adaptive Sport Seats, BOSE Surround Sound, PCM w/ Navigation, Heated Seats",74,"$28,500"
6,https://www.autotempest.com/results?localization=country&make=porsche&maxyear=2012&minyear=2009&model=cayman&transmission=auto&zip=30214,https://www.cars.com/vehicledetail/eb7031d8-bb9b-4418-8e2d-dfb203a825ed/?aff=atempest&utm_campaign=atempest&utm_source=autotempest&utm_medium=trp&utm_campaign_id=1&utm_trusted=TRUE,https://www.cars.com/vehicledetail/eb7031d8-bb9b-4418-8e2d-dfb203a825ed/,WP0AA2A81AU760529,False,2025-10-20T11:15:51.796671,2025-10-27T15:03:54.380486,2025-10-27T15:03:54.729595,1.0,2010,1.0,"$27,995",1.0,"97,141",1.0,Cayman,Base,1.0,1.0,Carrara White,Sand Beige,1.0,1.0,AutoTempest,1.0,6,,7879,"performance, exterior, appearance, seating","Sport Exhaust (PSE), Bi-Xenon Headlights with Dynamic Cornering, 18–19"" Upgraded Wheels, Sport Steering Wheel, Sport Seats / Adaptive Sport Seats, Heated Seats",75,"$27,995"
27,https://www.autotempest.com/results?localization=country&make=porsche&maxyear=2016&minyear=2009&model=caymans&transmission=auto&zip=30214,https://www.cars.com/vehicledetail/4ca103c1-5e4b-401f-be86-f4a141633a3e/?aff=atempest&utm_campaign=atempest&utm_source=autotempest&utm_medium=trp&utm_campaign_id=1&utm_trusted=TRUE,https://www.cars.com/vehicledetail/4ca103c1-5e4b-401f-be86-f4a141633a3e/,WP0AB2A81EK193690,False,2025-10-20T13:48:29.847322,2025-10-27T15:03:54.426173,2025-10-27T15:03:55.011927,0.875,2014,1.0,Unknown,0.0,"25,260",1.0,Cayman,S,1.0,1.0,Black,Black,1.0,1.0,AutoTempest,1.0,6,,7879,"performance, exterior, appearance, seating","Sport Exhaust (PSE), Bi-Xenon Headlights with Dynamic Cornering, 18–19"" Upgraded Wheels, Sport Steering Wheel, Sport Seats / Adaptive Sport Seats, Heated Seats",76,Unknown
3,https://www.autotempest.com/results?localization=country&make=porsche&maxyear=2012&minyear=2009&model=cayman&transmission=auto&zip=30214,https://www.cars.com/vehicledetail/21fe4602-b80b-4eb2-a8b0-f8ca9f3393e4/?aff=atempest&utm_campaign=atempest&utm_source=autotempest&utm_medium=trp&utm_campaign_id=1&utm_trusted=TRUE,https://www.cars.com/vehicledetail/21fe4602-b80b-4eb2-a8b0-f8ca9f3393e4/,WP0AB2A85CS780181,False,2025-10-26T11:13:59.194925,2025-10-27T15:03:54.371471,2025-10-27T15:03:54.673990,1.0,2012,1.0,"$47,965",1.0,"41,814",1.0,Cayman,R,1.0,1.0,Basalt Black Metallic,Sand Beige,1.0,1.0,AutoTempest,1.0,5,,7379,"performance, exterior, appearance, seating","Sport Exhaust (PSE), Bi-Xenon Headlights with Dynamic Cornering, 18–19"" Upgraded Wheels, Sport Steering Wheel, Sport Seats / Adaptive Sport Seats",77,"$47,965"
15,https://www.autotempest.com/results?localization=country&make=porsche&maxyear=2016&minyear=2009&model=caymans&transmission=auto&zip=30214,https://www.cars.com/vehicledetail/e7e1797b-0b42-4396-99a5-f1dbb7ee56d9/?aff=atempest&utm_campaign=atempest&utm_source=autotempest&utm_medium=trp&utm_campaign_id=1&utm_trusted=TRUE,https://www.cars.com/vehicledetail/e7e1797b-0b42-4396-99a5-f1dbb7ee56d9/,WP0AB2A85EK191568,False,2025-10-20T13:48:29.847322,2025-10-27T15:03:54.399326,2025-10-27T15:03:54.831806,1.0,2014,1.0,"$27,795",1.0,"48,321",1.0,Cayman,S,1.0,1.0,White,Platinum Gray,1.0,1.0,AutoTempest,1.0,5,,7379,"performance, exterior, appearance, seating","Sport Exhaust (PSE), Bi-Xenon Headlights with Dynamic Cornering, 18–19"" Upgraded Wheels, Sport Steering Wheel, Sport Seats / Adaptive Sport Seats",78,"$27,795"
96,https://www.autotempest.com/results?localization=country&make=porsche&maxyear=2016&minyear=2009&model=boxsters&transmission=auto&zip=30214,https://www.cars.com/vehicledetail/cd0592dd-046a-4be6-855a-cdf27d849413/?aff=atempest&utm_campaign=atempest&utm_source=autotempest&utm_medium=trp&utm_campaign_id=1&utm_trusted=TRUE,https://www.cars.com/vehicledetail/cd0592dd-046a-4be6-855a-cdf27d849413/,WP0CB2A80DK132077,False,2025-10-26T11:50:39.352645,2025-10-27T15:03:54.557840,2025-10-27T15:03:55.763503,1.0,2013,1.0,"$54,977",1.0,"16,709",1.0,Boxster,S,1.0,1.0,Brown,Luxor Beige,1.0,1.0,AutoTempest,1.0,5,,7379,"performance, exterior, appearance, seating","Sport Exhaust (PSE), Bi-Xenon Headlights with Dynamic Cornering, 18–19"" Upgraded Wheels, Sport Steering Wheel, Sport Seats / Adaptive Sport Seats",79,"$54,977"
64,https://www.autotempest.com/results?localization=country&make=porsche&maxyear=2016&minyear=2009&model=boxster&transmission=auto&zip=30214,https://www.cars.com/vehicledetail/2abf4dfe-c434-458f-ba38-e22f15331547/?aff=atempest&utm_campaign=atempest&utm_source=autotempest&utm_medium=trp&utm_campaign_id=1&utm_trusted=TRUE,https://www.cars.com/vehicledetail/2abf4dfe-c434-458f-ba38-e22f15331547/,WP0CA2A84DS114104,False,2025-10-20T13:48:29.847322,2025-10-27T15:03:54.508991,2025-10-27T15:03:55.467182,1.0,2013,1.0,"$28,499",1.0,"32,688",1.0,Boxster,Base,1.0,1.0,Black,Black,1.0,1.0,AutoTempest,1.0,5,,7119,"seating, exterior, appearance, technology","Bi-Xenon Headlights with Dynamic Cornering, 18–19"" Upgraded Wheels, Sport Steering Wheel, PCM w/ Navigation, Heated Seats",80,"$28,499"
28,https://www.autotempest.com/results?localization=country&make=porsche&maxyear=2016&minyear=2009&model=caymans&transmission=auto&zip=30214,https://www.cars.com/vehicledetail/056f336e-7a40-4673-bef6-2df29312b66b/?aff=atempst&utm_campaign=atempst&utm_source=autotempest&utm_medium=trp&utm_campaign_id=1&utm_trusted=TRUE,https://www.cars.com/vehicledetail/056f336e-7a40-4673-bef6-2df29312b66b/,WP0AB29889U780175,False,2025-10-20T11:15:51.814544,2025-10-27T15:03:54.429383,2025-10-27T15:03:55.032617,1.0,2009,1.0,"$32,987",1.0,"93,000",1.0,Cayman,Base,1.0,1.0,Silver,Beige,1.0,1.0,AutoTempest,1.0,4,,7085,"seating, exterior, performance, technology","Bi-Xenon Headlights with Dynamic Cornering, 18–19"" Upgraded Wheels, Sport Chrono Package Plus, PCM w/ Navigation",81,"$32,987"
43,https://www.autotempest.com/results?localization=country&make=porsche&maxyear=2016&minyear=2009&model=boxster&transmission=auto&zip=30214,https://www.cars.com/vehicledetail/b44d9f55-e4b0-4db3-b2a0-8d6ebccf7e11/?aff=atempest&utm_campaign=atempest&utm_source=autotempest&utm_medium=trp&utm_campaign_id=1&utm_trusted=TRUE,https://www.cars.com/vehicledetail/b44d9f55-e4b0-4db3-b2a0-8d6ebccf7e11/,WP0CA2A82DS112738,False,2025-10-20T13:48:29.847322,2025-10-27T15:03:54.462827,2025-10-27T15:03:55.108477,1.0,2013,1.0,"$35,712",1.0,"54,950",1.0,Boxster,Base,1.0,1.0,Black,Black,1.0,1.0,AutoTempest,1.0,6,,6729,"technology, exterior, appearance, seating","Bi-Xenon Headlights with Dynamic Cornering, 18–19"" Upgraded Wheels, Sport Steering Wheel, Sport Seats / Adaptive Sport Seats, BOSE Surround Sound, Heated Seats",82,"$35,712"
62,https://www.autotempest.com/results?localization=country&make=porsche&maxyear=2016&minyear=2009&model=boxster&transmission=auto&zip=30214,https://www.cars.com/vehicledetail/5f464d96-2c75-44fa-bc9a-c49a939893f3/?aff=atempest&utm_campaign=atempest&utm_source=autotempest&utm_medium=trp&utm_campaign_id=1&utm_trusted=TRUE,https://www.cars.com/vehicledetail/5f464d96-2c75-44fa-bc9a-c49a939893f3/,WP0CA2A85DS112233,False,2025-10-20T13:48:29.847322,2025-10-27T15:03:54.505116,2025-10-27T15:03:55.427467,1.0,2013,1.0,"$33,499",1.0,"62,988",1.0,Boxster,Base,1.0,1.0,Black,Gray,1.0,1.0,AutoTempest,1.0,4,,5854,"performance, exterior, appearance","Sport Exhaust (PSE), Bi-Xenon Headlights with Dynamic Cornering, 18–19"" Upgraded Wheels, Sport Steering Wheel",83,"$33,499"
91,https://www.autotempest.com/results?localization=country&make=porsche&maxyear=2016&minyear=2009&model=boxsters&transmission=auto&zip=30214,https://www.cars.com/vehicledetail/d8fe882b-5ef0-43e3-9e3a-5ccf4a733b24/?aff=atempest&utm_campaign=atempest&utm_source=autotempest&utm_medium=trp&utm_campaign_id=1&utm_trusted=TRUE,https://www.cars.com/vehicledetail/d8fe882b-5ef0-43e3-9e3a-5ccf4a733b24/,WP0CB2A86DS130690,False,2025-10-20T13:48:29.847322,2025-10-27T15:03:54.547689,2025-10-27T15:03:55.677291,1.0,2013,1.0,"$39,500",1.0,"87,354",1.0,Boxster,S,1.0,1.0,Guards Red,Black,1.0,1.0,AutoTempest,1.0,4,,5854,"performance, exterior, appearance","Sport Exhaust (PSE), Bi-Xenon Headlights with Dynamic Cornering, 18–19"" Upgraded Wheels, Sport Steering Wheel",84,"$39,500"
5,https://www.autotempest.com/results?localization=country&make=porsche&maxyear=2012&minyear=2009&model=cayman&transmission=auto&zip=30214,https://www.cars.com/vehicledetail/bfbfe5bc-d181-4123-91e2-314edabb6dbf/?aff=atempest&utm_campaign=atempest&utm_source=autotempest&utm_medium=trp&utm_campaign_id=1&utm_trusted=TRUE,https://www.cars.com/vehicledetail/bfbfe5bc-d181-4123-91e2-314edabb6dbf/,WP0AA29859U761098,False,2025-10-20T11:15:51.758329,2025-10-27T15:03:54.377413,2025-10-27T15:03:54.719207,1.0,2009,1.0,"$24,120",1.0,"87,582",1.0,Cayman,Base,1.0,1.0,Gray,Brown,1.0,1.0,AutoTempest,1.0,5,,5769,"seating, exterior, performance, appearance","Bi-Xenon Headlights with Dynamic Cornering, 18–19"" Upgraded Wheels, Limited Slip Differential (LSD), Sport Steering Wheel, Sport Seats / Adaptive Sport Seats",85,"$24,120"
46,https://www.autotempest.com/results?localization=country&make=porsche&maxyear=2016&minyear=2009&model=boxster&transmission=auto&zip=30214,https://www.cars.com/vehicledetail/da45484b-8356-4c19-9391-8f8fc05fd375/?aff=atempest&utm_campaign=atempest&utm_source=autotempest&utm_medium=trp&utm_campaign_id=1&utm_trusted=TRUE,https://www.cars.com/vehicledetail/da45484b-8356-4c19-9391-8f8fc05fd375/,WP0CA2A87FS120353,False,2025-10-20T13:48:29.847322,2025-10-27T15:03:54.470345,2025-10-27T15:03:55.144375,1.0,2015,1.0,"$34,295",1.0,"64,331",1.0,Boxster,Base,1.0,1.0,Red,Luxor Beige,1.0,1.0,AutoTempest,1.0,5,,5379,"seating, exterior, appearance","Bi-Xenon Headlights with Dynamic Cornering, 18–19"" Upgraded Wheels, Sport Steering Wheel, Sport Seats / Adaptive Sport Seats, Heated Seats",86,"$34,295"
58,https://www.autotempest.com/results?localization=country&make=porsche&maxyear=2016&minyear=2009&model=boxster&transmission=auto&zip=30214,https://www.cars.com/vehicledetail/10b9c84a-f0e5-4a81-af71-02865726cd1b/?aff=atempest&utm_campaign=atempest&utm_source=autotempest&utm_medium=trp&utm_campaign_id=1&utm_trusted=TRUE,https://www.cars.com/vehicledetail/10b9c84a-f0e5-4a81-af71-02865726cd1b/,WP0CA29819U710853,False,2025-10-20T13:48:29.847322,2025-10-27T15:03:54.497093,2025-10-27T15:03:55.376040,1.0,2009,1.0,"$21,987",1.0,"60,620",1.0,Boxster,Base,1.0,1.0,Red,Tan,1.0,1.0,AutoTempest,1.0,5,,5204,"seating, exterior, appearance, technology","Bi-Xenon Headlights with Dynamic Cornering, 18–19"" Upgraded Wheels, Sport Steering Wheel, BOSE Surround Sound, Heated Seats",87,"$21,987"
60,https://www.autotempest.com/results?localization=country&make=porsche&maxyear=2016&minyear=2009&model=boxster&transmission=auto&zip=30214,https://www.cars.com/vehicledetail/fffb2a49-91a7-4313-b5ac-4a676abc2f23/?aff=atempest&utm_campaign=atempest&utm_source=autotempest&utm_medium=trp&utm_campaign_id=1&utm_trusted=TRUE,https://www.cars.com/vehicledetail/fffb2a49-91a7-4313-b5ac-4a676abc2f23/,WP0CA2A82FS120468,False,2025-10-20T13:48:29.847322,2025-10-27T15:03:54.501175,2025-10-27T15:03:55.393137,1.0,2015,1.0,"$36,941",1.0,"27,956",1.0,Boxster,Base,1.0,1.0,Black,Luxor Beige,1.0,1.0,AutoTempest,1.0,4,,4879,"seating, exterior, appearance","Bi-Xenon Headlights with Dynamic Cornering, 18–19"" Upgraded Wheels, Sport Steering Wheel, Sport Seats / Adaptive Sport Seats",88,"$36,941"
78,https://www.autotempest.com/results?localization=country&make=porsche&maxyear=2016&minyear=2009&model=boxster&transmission=auto&zip=30214,https://www.carvana.com/vehicle/lt/3814738?utm_source=autotempest&utm_medium=3rd-party-listing&utm_campaign=new-vdp&utm_content=3_20251027_3969963,https://www.carvana.com/vehicle/lt/3814738,,False,2025-10-20T13:48:29.847322,2025-10-27T15:03:54.533652,2025-10-27T15:03:55.627335,0.75,2013,1.0,"$41,748",1.0,"9,000",1.0,Boxster,Base,1.0,1.0,Unknown,Unknown,0.0,0.0,AutoTempest,1.0,2,,4765,"exterior, technology","18–19"" Upgraded Wheels, PCM w/ Navigation",89,"$41,748"
119,https://www.autotempest.com/results?localization=country&make=porsche&maxyear=2016&minyear=2009&model=boxsters&transmission=auto&zip=30214,https://www.carvana.com/vehicle/lt/3853013?utm_source=autotempest&utm_medium=3rd-party-listing&utm_campaign=new-vdp&utm_content=3_20251027_4023069,https://www.carvana.com/vehicle/lt/3853013,,False,2025-10-20T13:48:29.847322,2025-10-27T15:03:54.604601,2025-10-27T15:03:56.149627,0.75,2013,1.0,"$52,200",1.0,"9,000",1.0,Boxster,Base,1.0,1.0,Unknown,Unknown,0.0,0.0,AutoTempest,1.0,2,,4765,"seating, exterior, technology","18–19"" Upgraded Wheels, PCM w/ Navigation",90,"$52,200"
75,https://www.autotempest.com/results?localization=country&make=porsche&maxyear=2016&minyear=2009&model=boxster&transmission=auto&zip=30214,https://www.cars.com/vehicledetail/8f905296-cb85-48bb-b870-050fbd5051b4/?aff=atempst&utm_campaign=atempst&utm_source=autotempest&utm_medium=trp&utm_campaign_id=1&utm_trusted=TRUE,https://www.cars.com/vehicledetail/8f905296-cb85-48bb-b870-050fbd5051b4/,,False,2025-10-26T11:50:39.352645,2025-10-27T15:03:54.531006,2025-10-27T15:03:55.621622,1.0,2016,1.0,"$36,000",1.0,"40,463",1.0,Boxster,Base,1.0,1.0,Silver,Black,1.0,1.0,AutoTempest,1.0,3,,3350,"seating, exterior, technology","18–19"" Upgraded Wheels, BOSE Surround Sound, Heated Seats",91,"$36,000"
30,https://www.autotempest.com/results?localization=country&make=porsche&maxyear=2016&minyear=2009&model=caymans&transmission=auto&zip=30214,https://www.carvana.com/vehicle/lt/3783767?utm_source=autotempest&utm_medium=3rd-party-listing&utm_campaign=new-vdp&utm_content=3_20251027_3921161,https://www.carvana.com/vehicle/lt/3783767,,False,2025-10-26T22:04:35.234693,2025-10-27T15:03:54.434533,2025-10-27T15:03:55.037449,0.75,2014,1.0,"$46,990",1.0,"9,000",1.0,Cayman,Base,1.0,1.0,Unknown,Unknown,0.0,0.0,AutoTempest,1.0,2,,2000,"technology, exterior, seating","18–19"" Upgraded Wheels, Heated Seats",92,"$46,990"
118,https://www.autotempest.com/results?localization=country&make=porsche&maxyear=2016&minyear=2009&model=boxsters&transmission=auto&zip=30214,https://www.carvana.com/vehicle/lt/3907864?utm_source=autotempest&utm_medium=3rd-party-listing&utm_campaign=new-vdp&utm_content=3_20251027_4104359,https://www.carvana.com/vehicle/lt/3907864,,False,2025-10-20T13:48:29.847322,2025-10-27T15:03:54.604257,2025-10-27T15:03:56.147246,0.75,2013,1.0,"$46,990",1.0,"9,000",1.0,Boxster,Base,1.0,1.0,Unknown,Unknown,0.0,0.0,AutoTempest,1.0,2,,2000,"seating, exterior","18–19"" Upgraded Wheels, Heated Seats",93,"$46,990"
77,https://www.autotempest.com/results?localization=country&make=porsche&maxyear=2016&minyear=2009&model=boxster&transmission=auto&zip=30214,https://www.carvana.com/vehicle/lt/3767532?utm_source=autotempest&utm_medium=3rd-party-listing&utm_campaign=new-vdp&utm_content=3_20251027_3896265,https://www.carvana.com/vehicle/lt/3767532,,False,2025-10-20T13:48:29.847322,2025-10-27T15:03:54.533289,2025-10-27T15:03:55.625011,0.75,2013,1.0,"$34,251",1.0,"9,000",1.0,Boxster,Base,1.0,1.0,Unknown,Unknown,0.0,0.0,AutoTempest,1.0,1,,1500,"seating, exterior","18–19"" Upgraded Wheels",94,"$34,251"
79,https://www.autotempest.com/results?localization=country&make=porsche&maxyear=2016&minyear=2009&model=boxster&transmission=auto&zip=30214,https://www.carvana.com/vehicle/lt/3841264?utm_source=autotempest&utm_medium=3rd-party-listing&utm_campaign=new-vdp&utm_content=3_20251027_4002303,https://www.carvana.com/vehicle/lt/3841264,,False,2025-10-20T13:48:29.847322,2025-10-27T15:03:54.534018,2025-10-27T15:03:55.629624,0.75,2013,1.0,"$34,990",1.0,"9,000",1.0,Boxster,Base,1.0,1.0,Unknown,Unknown,0.0,0.0,AutoTempest,1.0,1,,1500,"technology, exterior","18–19"" Upgraded Wheels",95,"$34,990"
80,https://www.autotempest.com/results?localization=country&make=porsche&maxyear=2016&minyear=2009&model=boxster&transmission=auto&zip=30214,https://www.carvana.com/vehicle/lt/3902390?utm_source=autotempest&utm_medium=3rd-party-listing&utm_campaign=new-vdp&utm_content=3_20251027_4054131,https://www.carvana.com/vehicle/lt/3902390,,False,2025-10-20T13:48:29.847322,2025-10-27T15:03:54.534354,2025-10-27T15:03:55.631809,0.75,2013,1.0,"$41,521",1.0,"9,000",1.0,Boxster,Base,1.0,1.0,Unknown,Unknown,0.0,0.0,AutoTempest,1.0,1,,1500,exterior,"18–19"" Upgraded Wheels",96,"$41,521"
36,https://www.autotempest.com/results?localization=country&make=porsche&maxyear=2016&minyear=2009&model=caymans&transmission=auto&zip=30214,https://www.truecar.com/used-cars-for-sale/listing/WP0AB2A88BU780243/?referrer_id=autotempest,https://www.truecar.com/used-cars-for-sale/listing/WP0AB2A88BU780243/?referrer_id=autotempest,WP0AB2A88BU780243,False,2025-10-20T11:15:51.969832,2025-10-27T15:03:54.446358,2025-10-27T15:03:55.048953,1.0,2011,1.0,"$39,973",1.0,"71,161",1.0,Cayman,S,1.0,1.0,Gray,Black,1.0,1.0,AutoTempest,1.0,1,,1350,"seating, technology",BOSE Surround Sound,97,"$39,973"
76,https://www.autotempest.com/results?localization=country&make=porsche&maxyear=2016&minyear=2009&model=boxster&transmission=auto&zip=30214,https://www.cars.com/vehicledetail/9df3a818-3c7e-40c3-ae58-a9b6300b4533/?aff=atempst&utm_campaign=atempst&utm_source=autotempest&utm_medium=trp&utm_campaign_id=1&utm_trusted=TRUE,https://www.cars.com/vehicledetail/9df3a818-3c7e-40c3-ae58-a9b6300b4533/,WP0CA2A85DS110207,False,2025-10-22T09:21:13.237679,2025-10-27T15:03:54.531125,2025-10-27T15:03:55.623731,1.0,2013,1.0,"$29,999",1.0,"73,151",1.0,Boxster,Base,1.0,1.0,Red,Black,1.0,1.0,AutoTempest,1.0,1,,500,seating,Heated Seats,98,"$29,999"
1,https://www.autotempest.com/results?localization=country&make=porsche&maxyear=2012&minyear=2009&model=cayman&transmission=auto&zip=30214,https://www.cars.com/vehicledetail/1e0d4384-98c4-4bbb-9147-31251e4c610a/?aff=atempest&utm_campaign=atempest&utm_source=autotempest&utm_medium=trp&utm_campaign_id=1&utm_trusted=TRUE,https://www.cars.com/vehicledetail/1e0d4384-98c4-4bbb-9147-31251e4c610a/,,False,2025-10-20T11:15:51.696741,2025-10-27T15:03:54.369639,2025-10-27T15:03:54.673345,0.625,2010,1.0,"$22,798",1.0,Unknown,0.0,Cayman,Base,1.0,1.0,Unknown,Unknown,0.0,0.0,AutoTempest,1.0,0,,0,,,99,"$22,798"
2,https://www.autotempest.com/results?localization=country&make=porsche&maxyear=2012&minyear=2009&model=cayman&transmission=auto&zip=30214,https://www.hemmings.com/classifieds/listing/2010-porsche-cayman-mesa-az-2903289?utm_source=autotempest&utm_medium=cpc&utm_campaign=autotempest_classifieds,https://www.hemmings.com/classifieds/listing/2010-porsche-cayman-mesa-az-2903289,,False,2025-10-20T11:15:51.686436,2025-10-27T15:03:54.371282,2025-10-27T15:03:54.673721,0.5,2010,1.0,Unknown,0.0,Unknown,0.0,Cayman,Base,1.0,1.0,Unknown,Unknown,0.0,0.0,AutoTempest,1.0,0,,0,,,100,Unknown
7,https://www.autotempest.com/results?localization=country&make=porsche&maxyear=2012&minyear=2009&model=cayman&transmission=auto&zip=30214,https://www.ebay.com/itm/167887228981?hash=item2716dbd035%3Ag%3AB50AAeSwaJpo%7Esru&mkevt=1&mkcid=1&mkrid=711-53200-19255-0&campid=5337650957&customid=&toolid=10049,https://www.ebay.com/itm/167887228981?hash=item2716dbd035%3Ag%3AB50AAeSwaJpo~sru&mkevt=1&mkcid=1&mkrid=711-53200-19255-0&campid=5337650957&customid=&toolid=10049,WP0AB2A87CS793238,False,2025-10-26T22:04:35.234693,2025-10-27T15:03:54.382586,2025-10-27T15:03:54.752095,1.0,2012,1.0,"$74,999",1.0,"28,155",1.0,Cayman,Base,1.0,1.0,Platinum Silver Metallic,Black,1.0,1.0,AutoTempest,1.0,0,,0,seating,,101,"$74,999"
11,https://www.autotempest.com/results?localization=country&make=porsche&maxyear=2012&minyear=2009&model=cayman&transmission=auto&zip=30214,https://details.vast.com/details/cars/ob-980c9cce91c3807e4ce3309b9549d11b960be68518c695070ce86dc4ca2c7076d44e995510de6d517ce761ef48f0ff406bf26f82a637df6dbf6160746a741de2e3bd80e3c0fefccb7c6b8b5f041ffceb8f56dacbb18b0e560cd07b374673e5b6e81e9e21d822c19c86dc4d0a68b98c04edf5a1b1481af36bc739f6eb5787db2d4710cb293adb55e6f92c54b12e1697dc0a3517aa94151fc410aab6b03c027c5b670c7307701726c22d73f591714370bb/?pl=0,https://details.vast.com/details/cars/ob-980c9cce91c3807e4ce3309b9549d11b960be68518c695070ce86dc4ca2c7076d44e995510de6d517ce761ef48f0ff406bf26f82a637df6dbf6160746a741de2e3bd80e3c0fefccb7c6b8b5f041ffceb8f56dacbb18b0e560cd07b374673e5b6e81e9e21d822c19c86dc4d0a68b98c04edf5a1b1481af36bc739f6eb5787db2d4710cb293adb55e6f92c54b12e1697dc0a3517aa94151fc410aab6b03c027c5b670c7307701726c22d73f591714370bb/?pl=0,,False,2025-10-27T14:10:36.228214,2025-10-27T15:03:54.391468,2025-10-27T15:03:54.794923,0.25,Unknown,0.0,Unknown,0.0,Unknown,0.0,Unknown,Base,0.0,0.0,Unknown,Unknown,0.0,0.0,AutoTempest,1.0,0,,0,technology,,102,Unknown
29,https://www.autotempest.com/results?localization=country&make=porsche&maxyear=2016&minyear=2009&model=caymans&transmission=auto&zip=30214,https://www.truecar.com/used-cars-for-sale/listing/WP0AA2A84BU760154/?referrer_id=autotempest,https://www.truecar.com/used-cars-for-sale/listing/WP0AA2A84BU760154/?referrer_id=autotempest,WP0AA2A84BU760154,False,2025-10-20T11:15:51.956182,2025-10-27T15:03:54.432360,2025-10-27T15:03:55.035626,1.0,2011,1.0,"$34,990",1.0,"43,415",1.0,Cayman,S,1.0,1.0,Guards Red,Black,1.0,1.0,AutoTempest,1.0,0,,0,technology,,103,"$34,990"
31,https://www.autotempest.com/results?localization=country&make=porsche&maxyear=2016&minyear=2009&model=caymans&transmission=auto&zip=30214,https://www.truecar.com/used-cars-for-sale/listing/WP0AA2A86FK161435/?referrer_id=autotempest,https://www.truecar.com/used-cars-for-sale/listing/WP0AA2A86FK161435/?referrer_id=autotempest,WP0AA2A86FK161435,False,2025-10-20T13:48:29.847322,2025-10-27T15:03:54.434874,2025-10-27T15:03:55.039709,1.0,2015,1.0,"$45,775",1.0,"21,663",1.0,Cayman,S,1.0,1.0,Dark Blue Metallic,Black,1.0,1.0,AutoTempest,1.0,0,,0,seating,,104,"$45,775"
32,https://www.autotempest.com/results?localization=country&make=porsche&maxyear=2016&minyear=2009&model=caymans&transmission=auto&zip=30214,https://www.truecar.com/used-cars-for-sale/listing/WP0AA2A87FK164988/?referrer_id=autotempest,https://www.truecar.com/used-cars-for-sale/listing/WP0AA2A87FK164988/?referrer_id=autotempest,WP0AA2A87FK164988,False,2025-10-20T13:48:29.847322,2025-10-27T15:03:54.437310,2025-10-27T15:03:55.041577,0.875,2015,1.0,"$21,999",1.0,"138,068",1.0,Cayman,S,1.0,1.0,Black,Unknown,1.0,1.0,AutoTempest,1.0,0,,0,seating,,105,"$21,999"
33,https://www.autotempest.com/results?localization=country&make=porsche&maxyear=2016&minyear=2009&model=caymans&transmission=auto&zip=30214,https://www.truecar.com/used-cars-for-sale/listing/WP0AB2A89FK182065/?referrer_id=autotempest,https://www.truecar.com/used-cars-for-sale/listing/WP0AB2A89FK182065/?referrer_id=autotempest,WP0AB2A89FK182065,False,2025-10-20T13:48:29.847322,2025-10-27T15:03:54.439645,2025-10-27T15:03:55.043404,1.0,2015,1.0,"$44,995",1.0,"76,426",1.0,Cayman,S,1.0,1.0,Black,Black,1.0,1.0,AutoTempest,1.0,0,,0,seating,,106,"$44,995"
34,https://www.autotempest.com/results?localization=country&make=porsche&maxyear=2016&minyear=2009&model=caymans&transmission=auto&zip=30214,https://www.truecar.com/used-cars-for-sale/listing/WP0AA2A82GK171509/?referrer_id=autotempest,https://www.truecar.com/used-cars-for-sale/listing/WP0AA2A82GK171509/?referrer_id=autotempest,WP0AA2A82GK171509,False,2025-10-20T13:48:29.847322,2025-10-27T15:03:54.441864,2025-10-27T15:03:55.045229,1.0,2016,1.0,"$41,900",1.0,"46,846",1.0,Cayman,S,1.0,1.0,Black,Black,1.0,1.0,AutoTempest,1.0,0,,0,seating,,107,"$41,900"
35,https://www.autotempest.com/results?localization=country&make=porsche&maxyear=2016&minyear=2009&model=caymans&transmission=auto&zip=30214,https://www.truecar.com/used-cars-for-sale/listing/WP0AA2A81FK161536/?referrer_id=autotempest,https://www.truecar.com/used-cars-for-sale/listing/WP0AA2A81FK161536/?referrer_id=autotempest,WP0AA2A81FK161536,False,2025-10-20T13:48:29.847322,2025-10-27T15:03:54.444088,2025-10-27T15:03:55.047086,1.0,2015,1.0,"$35,900",1.0,"62,570",1.0,Cayman,S,1.0,1.0,Sapphire Blue Metallic,Luxor Beige,1.0,1.0,AutoTempest,1.0,0,,0,seating,,108,"$35,900"
37,https://www.autotempest.com/results?localization=country&make=porsche&maxyear=2016&minyear=2009&model=caymans&transmission=auto&zip=30214,https://www.truecar.com/used-cars-for-sale/listing/WP0AA2A80EK174552/?referrer_id=autotempest,https://www.truecar.com/used-cars-for-sale/listing/WP0AA2A80EK174552/?referrer_id=autotempest,WP0AA2A80EK174552,False,2025-10-20T13:48:29.847322,2025-10-27T15:03:54.448665,2025-10-27T15:03:55.050759,1.0,2014,1.0,"$33,791",1.0,"55,946",1.0,Cayman,S,1.0,1.0,White,Luxor Beige,1.0,1.0,AutoTempest,1.0,0,,0,technology,,109,"$33,791"
38,https://www.autotempest.com/results?localization=country&make=porsche&maxyear=2016&minyear=2009&model=caymans&transmission=auto&zip=30214,https://www.truecar.com/used-cars-for-sale/listing/WP0AB2A85EK192350/?referrer_id=autotempest,https://www.truecar.com/used-cars-for-sale/listing/WP0AB2A85EK192350/?referrer_id=autotempest,WP0AB2A85EK192350,False,2025-10-24T14:23:02.714330,2025-10-27T15:03:54.450938,2025-10-27T15:03:55.052596,1.0,2014,1.0,"$39,991",1.0,"92,000",1.0,Cayman,S,1.0,1.0,White,Black,1.0,1.0,AutoTempest,1.0,0,,0,technology,,110,"$39,991"
40,https://www.autotempest.com/results?localization=country&make=porsche&maxyear=2016&minyear=2009&model=caymans&transmission=auto&zip=30214,https://www.truecar.com/used-cars-for-sale/listing/WP0AA2A81GK171517/?referrer_id=autotempest,https://www.truecar.com/used-cars-for-sale/listing/WP0AA2A81GK171517/?referrer_id=autotempest,WP0AA2A81GK171517,False,2025-10-20T13:48:29.847322,2025-10-27T15:03:54.456050,2025-10-27T15:03:55.070915,1.0,2016,1.0,"$49,898",1.0,"39,395",1.0,Cayman,S,1.0,1.0,Sapphire Blue Metallic,Black,1.0,1.0,AutoTempest,1.0,0,,0,seating,,111,"$49,898"
81,https://www.autotempest.com/results?localization=country&make=porsche&maxyear=2016&minyear=2009&model=boxster&transmission=auto&zip=30214,https://www.ebay.com/itm/167883056130?hash=item27169c2402%3Ag%3AA%7EcAAeSwAx1orgBf&mkevt=1&mkcid=1&mkrid=711-53200-19255-0&campid=5337650957&customid=&toolid=10049,https://www.ebay.com/itm/167883056130?hash=item27169c2402%3Ag%3AA~cAAeSwAx1orgBf&mkevt=1&mkcid=1&mkrid=711-53200-19255-0&campid=5337650957&customid=&toolid=10049,WP0CB2A88EK140400,False,2025-10-26T11:50:39.352645,2025-10-27T15:03:54.534703,2025-10-27T15:03:55.634080,1.0,2014,1.0,"$38,995",1.0,"79,908",1.0,Boxster,Base,1.0,1.0,Gray,Black,1.0,1.0,AutoTempest,1.0,0,,0,exterior,,112,"$38,995"
82,https://www.autotempest.com/results?localization=country&make=porsche&maxyear=2016&minyear=2009&model=boxster&transmission=auto&zip=30214,https://www.ebay.com/itm/146915567749?hash=item2234d9a885%3Ag%3A0DIAAeSwp%7Exo6N4F&mkevt=1&mkcid=1&mkrid=711-53200-19255-0&campid=5337650957&customid=&toolid=10049,https://www.ebay.com/itm/146915567749?hash=item2234d9a885%3Ag%3A0DIAAeSwp~xo6N4F&mkevt=1&mkcid=1&mkrid=711-53200-19255-0&campid=5337650957&customid=&toolid=10049,WP0CA2A89EK120451,False,2025-10-23T17:53:47.796673,2025-10-27T15:03:54.537087,2025-10-27T15:03:55.635876,1.0,2014,1.0,"$41,499",1.0,"22,937",1.0,Boxster,Base,1.0,1.0,Blue,Tan,1.0,1.0,AutoTempest,1.0,0,,0,exterior,,113,"$41,499"
83,https://www.autotempest.com/results?localization=country&make=porsche&maxyear=2016&minyear=2009&model=boxster&transmission=auto&zip=30214,https://www.ebay.com/itm/157375806465?hash=item24a4543c01%3Ag%3AGrUAAeSwcbdo5pdN&mkevt=1&mkcid=1&mkrid=711-53200-19255-0&campid=5337650957&customid=&toolid=10049,https://www.ebay.com/itm/157375806465?hash=item24a4543c01%3Ag%3AGrUAAeSwcbdo5pdN&mkevt=1&mkcid=1&mkrid=711-53200-19255-0&campid=5337650957&customid=&toolid=10049,WP0CA2A87GS120743,False,2025-10-20T13:48:29.847322,2025-10-27T15:03:54.539276,2025-10-27T15:03:55.637615,1.0,2016,1.0,"$43,000",1.0,"10,597",1.0,Boxster,Base,1.0,1.0,Black,Black,1.0,1.0,AutoTempest,1.0,0,,0,exterior,,114,"$43,000"
84,https://www.autotempest.com/results?localization=country&make=porsche&maxyear=2016&minyear=2009&model=boxster&transmission=auto&zip=30214,https://www.ebay.com/itm/226999649112?hash=item34da3bc358%3Ag%3AdvkAAeSwriBoscDL&mkevt=1&mkcid=1&mkrid=711-53200-19255-0&campid=5337650957&customid=&toolid=10049,https://www.ebay.com/itm/226999649112?hash=item34da3bc358%3Ag%3AdvkAAeSwriBoscDL&mkevt=1&mkcid=1&mkrid=711-53200-19255-0&campid=5337650957&customid=&toolid=10049,WP0CB2A82ES141039,False,2025-10-20T13:48:29.847322,2025-10-27T15:03:54.541327,2025-10-27T15:03:55.639232,1.0,2014,1.0,"$54,999",1.0,"27,022",1.0,Boxster,S,1.0,1.0,Yellow,Black,1.0,1.0,AutoTempest,1.0,0,,0,exterior,,115,"$54,999"
85,https://www.autotempest.com/results?localization=country&make=porsche&maxyear=2016&minyear=2009&model=boxster&transmission=auto&zip=30214,https://details.vast.com/details/cars/ob-980c9cce91c3807e4ce3309b9549d11b960be68518c695070ce86dc4ca2c7076d44e995510de6d517ce761ef48f0ff406bf26f82a637df6dbf6160746a741de297e812444e5b22f6fba35fc7eca74a00ffbd25bdaa354b725fa5ffb8c938499dfc2b888f64c15d698fbc62d69450698ace1efa2c8793e149ea4ccad4eebacdd4a7ed5e6dba59452436cae46fcdb68135b47af191a980f2a963cf42b02a815fca80fd0c366ff46a6599fa98f7c46b42d5/?pl=0,https://details.vast.com/details/cars/ob-980c9cce91c3807e4ce3309b9549d11b960be68518c695070ce86dc4ca2c7076d44e995510de6d517ce761ef48f0ff406bf26f82a637df6dbf6160746a741de297e812444e5b22f6fba35fc7eca74a00ffbd25bdaa354b725fa5ffb8c938499dfc2b888f64c15d698fbc62d69450698ace1efa2c8793e149ea4ccad4eebacdd4a7ed5e6dba59452436cae46fcdb68135b47af191a980f2a963cf42b02a815fca80fd0c366ff46a6599fa98f7c46b42d5/?pl=0,,True,2025-10-27T14:56:22.870976,2025-10-27T15:03:54.543489,2025-10-27T15:03:55.641190,0.25,Unknown,0.0,Unknown,0.0,Unknown,0.0,Unknown,Base,0.0,0.0,Unknown,Unknown,0.0,0.0,AutoTempest,1.0,0,,0,exterior,,116,Unknown
86,https://www.autotempest.com/results?localization=country&make=porsche&maxyear=2016&minyear=2009&model=boxster&transmission=auto&zip=30214,https://details.vast.com/details/cars/ob-980c9cce91c3807e4ce3309b9549d11b960be68518c695070ce86dc4ca2c7076d44e995510de6d517ce761ef48f0ff406bf26f82a637df6dbf6160746a741de23d09ab8696d2275c2f7b950c3e9d51ac8973cb1fbc942b4e226fb1855f0224bebcb7e5742725869370727325ae53ac78ebe376e6b8d9456e387fcda8adb8ca084710cb293adb55e6f92c54b12e1697dc0a3517aa94151fc410aab6b03c027c5b670c7307701726c22d73f591714370bb/?pl=0,https://details.vast.com/details/cars/ob-980c9cce91c3807e4ce3309b9549d11b960be68518c695070ce86dc4ca2c7076d44e995510de6d517ce761ef48f0ff406bf26f82a637df6dbf6160746a741de23d09ab8696d2275c2f7b950c3e9d51ac8973cb1fbc942b4e226fb1855f0224bebcb7e5742725869370727325ae53ac78ebe376e6b8d9456e387fcda8adb8ca084710cb293adb55e6f92c54b12e1697dc0a3517aa94151fc410aab6b03c027c5b670c7307701726c22d73f591714370bb/?pl=0,,True,2025-10-27T14:56:22.870976,2025-10-27T15:03:54.543538,2025-10-27T15:03:55.641315,0.25,Unknown,0.0,Unknown,0.0,Unknown,0.0,Unknown,Base,0.0,0.0,Unknown,Unknown,0.0,0.0,AutoTempest,1.0,0,,0,exterior,,117,Unknown
87,https://www.autotempest.com/results?localization=country&make=porsche&maxyear=2016&minyear=2009&model=boxster&transmission=auto&zip=30214,https://details.vast.com/details/cars/ob-980c9cce91c3807e4ce3309b9549d11b960be68518c695070ce86dc4ca2c7076d44e995510de6d517ce761ef48f0ff406bf26f82a637df6dbf6160746a741de2e209d3967ce64c534c0db895fa16d47ced23e0e52d2639ca4ffda5fa3bb0af3b0bd0ff005f8dce7a7d183bdd0703d0557c129b011d0fadcdaa5f479ccef6e04aa7ed5e6dba59452436cae46fcdb68135b47af191a980f2a963cf42b02a815fca80fd0c366ff46a6599fa98f7c46b42d5/?pl=0,https://details.vast.com/details/cars/ob-980c9cce91c3807e4ce3309b9549d11b960be68518c695070ce86dc4ca2c7076d44e995510de6d517ce761ef48f0ff406bf26f82a637df6dbf6160746a741de2e209d3967ce64c534c0db895fa16d47ced23e0e52d2639ca4ffda5fa3bb0af3b0bd0ff005f8dce7a7d183bdd0703d0557c129b011d0fadcdaa5f479ccef6e04aa7ed5e6dba59452436cae46fcdb68135b47af191a980f2a963cf42b02a815fca80fd0c366ff46a6599fa98f7c46b42d5/?pl=0,,True,2025-10-27T14:56:22.870976,2025-10-27T15:03:54.543574,2025-10-27T15:03:55.641438,0.25,Unknown,0.0,Unknown,0.0,Unknown,0.0,Unknown,Base,0.0,0.0,Unknown,Unknown,0.0,0.0,AutoTempest,1.0,0,,0,exterior,,118,Unknown
89,https://www.autotempest.com/results?localization=country&make=porsche&maxyear=2016&minyear=2009&model=boxster&transmission=auto&zip=30214,https://details.vast.com/details/cars/ob-980c9cce91c3807e4ce3309b9549d11b960be68518c695070ce86dc4ca2c7076d44e995510de6d517ce761ef48f0ff406bf26f82a637df6dbf6160746a741de292bcfe97f9dbf070d5f37980e30378a185ba451eade24eb0f4f2b199e9583afb0bd0ff005f8dce7a7d183bdd0703d0558e06148af4f21a1a74005c0543b1260ea7ed5e6dba59452436cae46fcdb68135b47af191a980f2a963cf42b02a815fca80fd0c366ff46a6599fa98f7c46b42d5/?pl=0,https://details.vast.com/details/cars/ob-980c9cce91c3807e4ce3309b9549d11b960be68518c695070ce86dc4ca2c7076d44e995510de6d517ce761ef48f0ff406bf26f82a637df6dbf6160746a741de292bcfe97f9dbf070d5f37980e30378a185ba451eade24eb0f4f2b199e9583afb0bd0ff005f8dce7a7d183bdd0703d0558e06148af4f21a1a74005c0543b1260ea7ed5e6dba59452436cae46fcdb68135b47af191a980f2a963cf42b02a815fca80fd0c366ff46a6599fa98f7c46b42d5/?pl=0,,True,2025-10-27T14:56:22.870976,2025-10-27T15:03:54.545688,2025-10-27T15:03:55.658418,0.25,Unknown,0.0,Unknown,0.0,Unknown,0.0,Unknown,Base,0.0,0.0,Unknown,Unknown,0.0,0.0,AutoTempest,1.0,0,,0,seating,,119,Unknown
120,https://www.autotempest.com/results?localization=country&make=porsche&maxyear=2016&minyear=2009&model=boxsters&transmission=auto&zip=30214,https://www.ebay.com/itm/376630891233?hash=item57b0f352e1%3Ag%3AXikAAeSwAddoy7qs&mkevt=1&mkcid=1&mkrid=711-53200-19255-0&campid=5337650957&customid=&toolid=10049,https://www.ebay.com/itm/376630891233?hash=item57b0f352e1%3Ag%3AXikAAeSwAddoy7qs&mkevt=1&mkcid=1&mkrid=711-53200-19255-0&campid=5337650957&customid=&toolid=10049,WP0CB2A82DK132078,False,2025-10-20T13:48:29.847322,2025-10-27T15:03:54.604942,2025-10-27T15:03:56.151904,1.0,2013,1.0,"$42,900",1.0,"72,872",1.0,Boxster,S,1.0,1.0,White,Black,1.0,1.0,AutoTempest,1.0,0,,0,technology,,120,"$42,900"
121,https://www.autotempest.com/results?localization=country&make=porsche&maxyear=2016&minyear=2009&model=boxsters&transmission=auto&zip=30214,https://www.ebay.com/itm/357768060883?hash=item534ca35fd3%3Ag%3AwCYAAOSwThJoPGtv&mkevt=1&mkcid=1&mkrid=711-53200-19255-0&campid=5337650957&customid=&toolid=10049,https://www.ebay.com/itm/357768060883?hash=item534ca35fd3%3Ag%3AwCYAAOSwThJoPGtv&mkevt=1&mkcid=1&mkrid=711-53200-19255-0&campid=5337650957&customid=&toolid=10049,WP0CB2A8XDS132300,False,2025-10-20T13:48:29.847322,2025-10-27T15:03:54.607065,2025-10-27T15:03:56.153637,1.0,2013,1.0,"$29,900",1.0,"35,286",1.0,Boxster,S,1.0,1.0,White,Gray,1.0,1.0,AutoTempest,1.0,0,,0,technology,,121,"$29,900"
122,https://www.autotempest.com/results?localization=country&make=porsche&maxyear=2016&minyear=2009&model=boxsters&transmission=auto&zip=30214,https://www.ebay.com/itm/376599181424?hash=item57af0f7870%3Ag%3A6q0AAeSwzoJo4h7B&mkevt=1&mkcid=1&mkrid=711-53200-19255-0&campid=5337650957&customid=&toolid=10049,https://www.ebay.com/itm/376599181424?hash=item57af0f7870%3Ag%3A6q0AAeSwzoJo4h7B&mkevt=1&mkcid=1&mkrid=711-53200-19255-0&campid=5337650957&customid=&toolid=10049,WP0CB2A87ES141019,False,2025-10-20T13:48:29.847322,2025-10-27T15:03:54.609092,2025-10-27T15:03:56.155559,1.0,2014,1.0,"$44,900",1.0,"66,152",1.0,Boxster,S,1.0,1.0,Blue,Luxor Beige,1.0,1.0,AutoTempest,1.0,0,,0,technology,,122,"$44,900"
123,https://www.autotempest.com/results?localization=country&make=porsche&maxyear=2016&minyear=2009&model=boxsters&transmission=auto&zip=30214,https://www.truecar.com/used-cars-for-sale/listing/WP0CB2A82FS141186/?referrer_id=autotempest,https://www.truecar.com/used-cars-for-sale/listing/WP0CB2A82FS141186/?referrer_id=autotempest,WP0CB2A82FS141186,False,2025-10-20T13:48:29.847322,2025-10-27T15:03:54.611320,2025-10-27T15:03:56.157251,1.0,2015,1.0,"$39,886",1.0,"54,167",1.0,Boxster,S,1.0,1.0,Black,Espresso,1.0,1.0,AutoTempest,1.0,0,,0,technology,,123,"$39,886"
124,https://www.autotempest.com/results?localization=country&make=porsche&maxyear=2016&minyear=2009&model=boxsters&transmission=auto&zip=30214,https://www.truecar.com/used-cars-for-sale/listing/WP0CB2A85BS730081/?referrer_id=autotempest,https://www.truecar.com/used-cars-for-sale/listing/WP0CB2A85BS730081/?referrer_id=autotempest,WP0CB2A85BS730081,False,2025-10-26T11:50:39.352645,2025-10-27T15:03:54.613472,2025-10-27T15:03:56.159102,1.0,2011,1.0,"$29,990",1.0,"100,159",1.0,Boxster,S,1.0,1.0,Black,Black,1.0,1.0,AutoTempest,1.0,0,,0,technology,,124,"$29,990"
125,https://www.autotempest.com/results?localization=country&make=porsche&maxyear=2016&minyear=2009&model=boxsters&transmission=auto&zip=30214,https://www.truecar.com/used-cars-for-sale/listing/WP0CA2A8XDS113880/?referrer_id=autotempest,https://www.truecar.com/used-cars-for-sale/listing/WP0CA2A8XDS113880/?referrer_id=autotempest,WP0CA2A8XDS113880,False,2025-10-26T11:50:39.352645,2025-10-27T15:03:54.615466,2025-10-27T15:03:56.160907,1.0,2013,1.0,"$28,799",1.0,"79,164",1.0,Boxster,S,1.0,1.0,Black,Luxor Beige,1.0,1.0,AutoTempest,1.0,0,,0,technology,,125,"$28,799"
126,https://www.autotempest.com/results?localization=country&make=porsche&maxyear=2016&minyear=2009&model=boxsters&transmission=auto&zip=30214,https://www.truecar.com/used-cars-for-sale/listing/WP0CA2A87DS113769/?referrer_id=autotempest,https://www.truecar.com/used-cars-for-sale/listing/WP0CA2A87DS113769/?referrer_id=autotempest,WP0CA2A87DS113769,False,2025-10-20T13:48:29.847322,2025-10-27T15:03:54.617476,2025-10-27T15:03:56.162720,1.0,2013,1.0,"$31,495",1.0,"71,785",1.0,Boxster,S,1.0,1.0,Dark Blue Metallic,Luxor Beige,1.0,1.0,AutoTempest,1.0,0,,0,technology,,126,"$31,495"
127,https://www.autotempest.com/results?localization=country&make=porsche&maxyear=2016&minyear=2009&model=boxsters&transmission=auto&zip=30214,https://www.truecar.com/used-cars-for-sale/listing/WP0CB2A83FS140788/?referrer_id=autotempest,https://www.truecar.com/used-cars-for-sale/listing/WP0CB2A83FS140788/?referrer_id=autotempest,WP0CB2A83FS140788,True,2025-10-27T14:56:22.870976,2025-10-27T15:03:54.619585,2025-10-27T15:03:56.164540,1.0,2015,1.0,"$53,998",1.0,"22,958",1.0,Boxster,S,1.0,1.0,White,Agate Gray,1.0,1.0,AutoTempest,1.0,0,,0,technology,,127,"$53,998"
128,https://www.autotempest.com/results?localization=country&make=porsche&maxyear=2016&minyear=2009&model=boxsters&transmission=auto&zip=30214,https://www.truecar.com/used-cars-for-sale/listing/WP0CA2A80AS710208/?referrer_id=autotempest,https://www.truecar.com/used-cars-for-sale/listing/WP0CA2A80AS710208/?referrer_id=autotempest,WP0CA2A80AS710208,False,2025-10-26T11:50:39.352645,2025-10-27T15:03:54.621719,2025-10-27T15:03:56.166463,1.0,2010,1.0,"$17,999",1.0,"100,560",1.0,Boxster,S,1.0,1.0,Black,Black,1.0,1.0,AutoTempest,1.0,0,,0,technology,,128,"$17,999"
129,https://www.autotempest.com/results?localization=country&make=porsche&maxyear=2016&minyear=2009&model=boxsters&transmission=auto&zip=30214,https://www.truecar.com/used-cars-for-sale/listing/WP0CB2A87DS134277/?referrer_id=autotempest,https://www.truecar.com/used-cars-for-sale/listing/WP0CB2A87DS134277/?referrer_id=autotempest,WP0CB2A87DS134277,False,2025-10-21T12:09:15.875943,2025-10-27T15:03:54.623769,2025-10-27T15:03:56.168210,1.0,2013,1.0,"$52,995",1.0,"30,500",1.0,Boxster,S,1.0,1.0,White,Black,1.0,1.0,AutoTempest,1.0,0,,0,technology,,129,"$52,995"
130,https://www.autotempest.com/results?localization=country&make=porsche&maxyear=2016&minyear=2009&model=boxsters&transmission=auto&zip=30214,https://www.truecar.com/used-cars-for-sale/listing/WP0CA29869S710102/?referrer_id=autotempest,https://www.truecar.com/used-cars-for-sale/listing/WP0CA29869S710102/?referrer_id=autotempest,WP0CA29869S710102,False,2025-10-20T13:48:29.847322,2025-10-27T15:03:54.625791,2025-10-27T15:03:56.170012,1.0,2009,1.0,"$19,599",1.0,"92,233",1.0,Boxster,S,1.0,1.0,Black,Carrera Red,1.0,1.0,AutoTempest,1.0,0,,0,technology,,130,"$19,599"
131,https://www.autotempest.com/results?localization=country&make=porsche&maxyear=2016&minyear=2009&model=boxsters&transmission=auto&zip=30214,https://www.truecar.com/used-cars-for-sale/listing/WP0CA2A85ES120222/?referrer_id=autotempest,https://www.truecar.com/used-cars-for-sale/listing/WP0CA2A85ES120222/?referrer_id=autotempest,WP0CA2A85ES120222,False,2025-10-20T13:48:29.847322,2025-10-27T15:03:54.627855,2025-10-27T15:03:56.171781,1.0,2014,1.0,"$28,726",1.0,"76,629",1.0,Boxster,S,1.0,1.0,Guards Red,Black,1.0,1.0,AutoTempest,1.0,0,,0,technology,,131,"$28,726"
132,https://www.autotempest.com/results?localization=country&make=porsche&maxyear=2016&minyear=2009&model=boxsters&transmission=auto&zip=30214,https://www.truecar.com/used-cars-for-sale/listing/WP0CA2A89CS710226/?referrer_id=autotempest,https://www.truecar.com/used-cars-for-sale/listing/WP0CA2A89CS710226/?referrer_id=autotempest,WP0CA2A89CS710226,False,2025-10-20T13:48:29.847322,2025-10-27T15:03:54.630655,2025-10-27T15:03:56.173721,1.0,2012,1.0,"$19,989",1.0,"124,685",1.0,Boxster,S,1.0,1.0,Cream White,Black,1.0,1.0,AutoTempest,1.0,0,,0,technology,,132,"$19,989"
133,https://www.autotempest.com/results?localization=country&make=porsche&maxyear=2016&minyear=2009&model=boxsters&transmission=auto&zip=30214,https://www.truecar.com/used-cars-for-sale/listing/WP0CB2A82CS730203/?referrer_id=autotempest,https://www.truecar.com/used-cars-for-sale/listing/WP0CB2A82CS730203/?referrer_id=autotempest,WP0CB2A82CS730203,False,2025-10-20T13:48:29.847322,2025-10-27T15:03:54.632645,2025-10-27T15:03:56.175442,1.0,2012,1.0,"$39,995",1.0,"31,920",1.0,Boxster,S,1.0,1.0,Gray,Black,1.0,1.0,AutoTempest,1.0,0,,0,technology,,133,"$39,995"
134,https://www.autotempest.com/results?localization=country&make=porsche&maxyear=2016&minyear=2009&model=boxsters&transmission=auto&zip=30214,https://www.truecar.com/used-cars-for-sale/listing/WP0CB2A86DS133346/?referrer_id=autotempest,https://www.truecar.com/used-cars-for-sale/listing/WP0CB2A86DS133346/?referrer_id=autotempest,WP0CB2A86DS133346,False,2025-10-20T13:48:29.847322,2025-10-27T15:03:54.634686,2025-10-27T15:03:56.177176,1.0,2013,1.0,"$45,995",1.0,"65,617",1.0,Boxster,S,1.0,1.0,Racing Yellow,Black,1.0,1.0,AutoTempest,1.0,0,,0,technology,,134,"$45,995"
135,https://www.autotempest.com/results?localization=country&make=porsche&maxyear=2016&minyear=2009&model=boxsters&transmission=auto&zip=30214,https://www.truecar.com/used-cars-for-sale/listing/WP0CB2A84DS133474/?referrer_id=autotempest,https://www.truecar.com/used-cars-for-sale/listing/WP0CB2A84DS133474/?referrer_id=autotempest,WP0CB2A84DS133474,False,2025-10-20T13:48:29.847322,2025-10-27T15:03:54.636561,2025-10-27T15:03:56.178961,1.0,2013,1.0,"$52,950",1.0,"13,566",1.0,Boxster,S,1.0,1.0,White,Carrera Red,1.0,1.0,AutoTempest,1.0,0,,0,technology,,135,"$52,950"
136,https://www.autotempest.com/results?localization=country&make=porsche&maxyear=2016&minyear=2009&model=boxsters&transmission=auto&zip=30214,https://www.truecar.com/used-cars-for-sale/listing/WP0CB2A85ES140869/?referrer_id=autotempest,https://www.truecar.com/used-cars-for-sale/listing/WP0CB2A85ES140869/?referrer_id=autotempest,WP0CB2A85ES140869,False,2025-10-20T13:48:29.847322,2025-10-27T15:03:54.638840,2025-10-27T15:03:56.180762,1.0,2014,1.0,"$44,973",1.0,"85,328",1.0,Boxster,S,1.0,1.0,Black,Tan,1.0,1.0,AutoTempest,1.0,0,,0,technology,,136,"$44,973"
137,https://www.autotempest.com/results?localization=country&make=porsche&maxyear=2016&minyear=2009&model=boxsters&transmission=auto&zip=30214,https://www.truecar.com/used-cars-for-sale/listing/WP0CB2A87DS132576/?referrer_id=autotempest,https://www.truecar.com/used-cars-for-sale/listing/WP0CB2A87DS132576/?referrer_id=autotempest,WP0CB2A87DS132576,False,2025-10-20T13:48:29.847322,2025-10-27T15:03:54.640795,2025-10-27T15:03:56.182549,1.0,2013,1.0,"$30,995",1.0,"100,139",1.0,Boxster,S,1.0,1.0,White,Tan,1.0,1.0,AutoTempest,1.0,0,,0,technology,,137,"$30,995"
138,https://www.autotempest.com/results?localization=country&make=porsche&maxyear=2016&minyear=2009&model=boxsters&transmission=auto&zip=30214,https://www.truecar.com/used-cars-for-sale/listing/WP0CA2A87DS113593/?referrer_id=autotempest,https://www.truecar.com/used-cars-for-sale/listing/WP0CA2A87DS113593/?referrer_id=autotempest,WP0CA2A87DS113593,False,2025-10-26T11:50:39.352645,2025-10-27T15:03:54.642878,2025-10-27T15:03:56.184295,1.0,2013,1.0,"$29,351",1.0,"78,189",1.0,Boxster,S,1.0,1.0,Black,Tan,1.0,1.0,AutoTempest,1.0,0,,0,technology,,138,"$29,351"
139,https://www.autotempest.com/results?localization=country&make=porsche&maxyear=2016&minyear=2009&model=boxsters&transmission=auto&zip=30214,https://www.truecar.com/used-cars-for-sale/listing/WP0CA298X9U710446/?referrer_id=autotempest,https://www.truecar.com/used-cars-for-sale/listing/WP0CA298X9U710446/?referrer_id=autotempest,WP0CA298X9U710446,False,2025-10-20T13:48:29.847322,2025-10-27T15:03:54.644910,2025-10-27T15:03:56.186173,1.0,2009,1.0,"$21,992",1.0,"82,436",1.0,Boxster,S,1.0,1.0,Black,Sand Beige,1.0,1.0,AutoTempest,1.0,0,,0,technology,,139,"$21,992"
140,https://www.autotempest.com/results?localization=country&make=porsche&maxyear=2016&minyear=2009&model=boxsters&transmission=auto&zip=30214,https://www.truecar.com/used-cars-for-sale/listing/WP0CB2A85ES141519/?referrer_id=autotempest,https://www.truecar.com/used-cars-for-sale/listing/WP0CB2A85ES141519/?referrer_id=autotempest,WP0CB2A85ES141519,False,2025-10-26T11:50:39.352645,2025-10-27T15:03:54.647323,2025-10-27T15:03:56.187926,1.0,2014,1.0,"$35,995",1.0,"81,100",1.0,Boxster,S,1.0,1.0,Agate Gray Metallic,Luxor Beige,1.0,1.0,AutoTempest,1.0,0,,0,technology,,140,"$35,995"
141,https://www.autotempest.com/results?localization=country&make=porsche&maxyear=2016&minyear=2009&model=boxsters&transmission=auto&zip=30214,https://www.truecar.com/used-cars-for-sale/listing/WP0CB2A84DS130333/?referrer_id=autotempest,https://www.truecar.com/used-cars-for-sale/listing/WP0CB2A84DS130333/?referrer_id=autotempest,WP0CB2A84DS130333,False,2025-10-20T13:48:29.847322,2025-10-27T15:03:54.649268,2025-10-27T15:03:56.189749,0.875,2013,1.0,"$36,561",1.0,"77,921",1.0,Boxster,S,1.0,1.0,Dark Blue Metallic,Unknown,1.0,1.0,AutoTempest,1.0,0,,0,technology,,141,"$36,561"
142,https://www.autotempest.com/results?localization=country&make=porsche&maxyear=2016&minyear=2009&model=boxsters&transmission=auto&zip=30214,https://www.truecar.com/used-cars-for-sale/listing/WP0CA2A81EK120279/?referrer_id=autotempest,https://www.truecar.com/used-cars-for-sale/listing/WP0CA2A81EK120279/?referrer_id=autotempest,WP0CA2A81EK120279,False,2025-10-20T13:48:29.847322,2025-10-27T15:03:54.651254,2025-10-27T15:03:56.191588,1.0,2014,1.0,"$42,981",1.0,"20,333",1.0,Boxster,S,1.0,1.0,White,Luxor Beige,1.0,1.0,AutoTempest,1.0,0,,0,technology,,142,"$42,981"
143,https://www.autotempest.com/results?localization=country&make=porsche&maxyear=2016&minyear=2009&model=boxsters&transmission=auto&zip=30214,https://details.vast.com/details/cars/ob-980c9cce91c3807e4ce3309b9549d11b960be68518c695070ce86dc4ca2c7076d44e995510de6d517ce761ef48f0ff406bf26f82a637df6dbf6160746a741de247d693e0e2c0398c62dd3f9e4dc501c0b034c03e74447eb7384564d79eeffc4d19db07204a3b895ba465a43a0e81de39ebe376e6b8d9456e387fcda8adb8ca084710cb293adb55e6f92c54b12e1697dc0a3517aa94151fc410aab6b03c027c5b670c7307701726c22d73f591714370bb/?pl=0,https://details.vast.com/details/cars/ob-980c9cce91c3807e4ce3309b9549d11b960be68518c695070ce86dc4ca2c7076d44e995510de6d517ce761ef48f0ff406bf26f82a637df6dbf6160746a741de247d693e0e2c0398c62dd3f9e4dc501c0b034c03e74447eb7384564d79eeffc4d19db07204a3b895ba465a43a0e81de39ebe376e6b8d9456e387fcda8adb8ca084710cb293adb55e6f92c54b12e1697dc0a3517aa94151fc410aab6b03c027c5b670c7307701726c22d73f591714370bb/?pl=0,,True,2025-10-27T14:56:22.870976,2025-10-27T15:03:54.653291,2025-10-27T15:03:56.193391,0.25,Unknown,0.0,Unknown,0.0,Unknown,0.0,Unknown,Base,0.0,0.0,Unknown,Unknown,0.0,0.0,AutoTempest,1.0,0,,0,technology,,143,Unknown
144,https://www.autotempest.com/results?localization=country&make=porsche&maxyear=2016&minyear=2009&model=boxsters&transmission=auto&zip=30214,https://details.vast.com/details/cars/ob-980c9cce91c3807e4ce3309b9549d11b960be68518c695070ce86dc4ca2c7076d44e995510de6d517ce761ef48f0ff406bf26f82a637df6dbf6160746a741de2f7ff53991437b675f60b33c5b98eca88b53ddfcba5acbd33c7979f63578e738930fb32fe2d1c2f15d25d759fa031662010f11e5abb9d1883e36eb6ab2f19b4e64710cb293adb55e6f92c54b12e1697dc0a3517aa94151fc410aab6b03c027c5b670c7307701726c22d73f591714370bb/?pl=0,https://details.vast.com/details/cars/ob-980c9cce91c3807e4ce3309b9549d11b960be68518c695070ce86dc4ca2c7076d44e995510de6d517ce761ef48f0ff406bf26f82a637df6dbf6160746a741de2f7ff53991437b675f60b33c5b98eca88b53ddfcba5acbd33c7979f63578e738930fb32fe2d1c2f15d25d759fa031662010f11e5abb9d1883e36eb6ab2f19b4e64710cb293adb55e6f92c54b12e1697dc0a3517aa94151fc410aab6b03c027c5b670c7307701726c22d73f591714370bb/?pl=0,,True,2025-10-27T14:56:22.870976,2025-10-27T15:03:54.653338,2025-10-27T15:03:56.193514,0.25,Unknown,0.0,Unknown,0.0,Unknown,0.0,Unknown,Base,0.0,0.0,Unknown,Unknown,0.0,0.0,AutoTempest,1.0,0,,0,technology,,144,Unknown
